-- phpMyAdmin SQL Dump
-- version 5.2.0
-- https://www.phpmyadmin.net/
--
-- Host: 127.0.0.1
-- Generation Time: Sep 18, 2022 at 01:21 PM
-- Server version: 10.4.24-MariaDB
-- PHP Version: 7.4.29

SET SQL_MODE = "NO_AUTO_VALUE_ON_ZERO";
START TRANSACTION;
SET time_zone = "+00:00";


/*!40101 SET @OLD_CHARACTER_SET_CLIENT=@@CHARACTER_SET_CLIENT */;
/*!40101 SET @OLD_CHARACTER_SET_RESULTS=@@CHARACTER_SET_RESULTS */;
/*!40101 SET @OLD_COLLATION_CONNECTION=@@COLLATION_CONNECTION */;
/*!40101 SET NAMES utf8mb4 */;

--
-- Database: `users_shariqq_black_hrm`
--

-- --------------------------------------------------------

--
-- Table structure for table `announcements`
--

CREATE TABLE `announcements` (
  `id` bigint(20) UNSIGNED NOT NULL,
  `title` varchar(191) COLLATE utf8mb4_unicode_ci NOT NULL,
  `start_date` date DEFAULT NULL,
  `end_date` date DEFAULT NULL,
  `summary` text COLLATE utf8mb4_unicode_ci DEFAULT NULL,
  `description` longtext COLLATE utf8mb4_unicode_ci DEFAULT NULL,
  `company_id` bigint(20) UNSIGNED DEFAULT NULL,
  `department_id` bigint(20) UNSIGNED DEFAULT NULL,
  `added_by` varchar(40) COLLATE utf8mb4_unicode_ci DEFAULT NULL,
  `is_notify` tinyint(4) DEFAULT NULL,
  `created_at` timestamp NULL DEFAULT NULL,
  `updated_at` timestamp NULL DEFAULT NULL
) ENGINE=InnoDB DEFAULT CHARSET=utf8mb4 COLLATE=utf8mb4_unicode_ci;

--
-- Dumping data for table `announcements`
--

INSERT INTO `announcements` (`id`, `title`, `start_date`, `end_date`, `summary`, `description`, `company_id`, `department_id`, `added_by`, `is_notify`, `created_at`, `updated_at`) VALUES
(1, 'Example', '2022-07-07', '2022-07-31', 'something', 'August is full holiday', 1, NULL, 'admin', 1, '2022-07-07 07:34:39', '2022-07-07 07:34:39');

-- --------------------------------------------------------

--
-- Table structure for table `appraisals`
--

CREATE TABLE `appraisals` (
  `id` bigint(20) UNSIGNED NOT NULL,
  `company_id` bigint(20) UNSIGNED NOT NULL,
  `employee_id` bigint(20) UNSIGNED NOT NULL,
  `department_id` bigint(20) UNSIGNED NOT NULL,
  `designation_id` bigint(20) UNSIGNED NOT NULL,
  `customer_experience` varchar(191) COLLATE utf8mb4_unicode_ci NOT NULL,
  `marketing` varchar(191) COLLATE utf8mb4_unicode_ci DEFAULT NULL,
  `administration` varchar(191) COLLATE utf8mb4_unicode_ci DEFAULT NULL,
  `professionalism` varchar(191) COLLATE utf8mb4_unicode_ci DEFAULT NULL,
  `integrity` varchar(191) COLLATE utf8mb4_unicode_ci DEFAULT NULL,
  `attendance` varchar(191) COLLATE utf8mb4_unicode_ci DEFAULT NULL,
  `remarks` text COLLATE utf8mb4_unicode_ci DEFAULT NULL,
  `date` varchar(191) COLLATE utf8mb4_unicode_ci DEFAULT NULL,
  `created_at` timestamp NULL DEFAULT NULL,
  `updated_at` timestamp NULL DEFAULT NULL
) ENGINE=InnoDB DEFAULT CHARSET=utf8mb4 COLLATE=utf8mb4_unicode_ci;

-- --------------------------------------------------------

--
-- Table structure for table `assets`
--

CREATE TABLE `assets` (
  `id` bigint(20) UNSIGNED NOT NULL,
  `asset_name` varchar(50) COLLATE utf8mb4_unicode_ci NOT NULL,
  `company_id` bigint(20) UNSIGNED NOT NULL,
  `employee_id` bigint(20) UNSIGNED DEFAULT NULL,
  `asset_code` varchar(80) COLLATE utf8mb4_unicode_ci NOT NULL,
  `assets_category_id` bigint(20) UNSIGNED NOT NULL,
  `Asset_note` mediumtext COLLATE utf8mb4_unicode_ci DEFAULT NULL,
  `manufacturer` varchar(191) COLLATE utf8mb4_unicode_ci NOT NULL,
  `serial_number` varchar(191) COLLATE utf8mb4_unicode_ci NOT NULL,
  `invoice_number` varchar(191) COLLATE utf8mb4_unicode_ci NOT NULL,
  `asset_image` varchar(191) COLLATE utf8mb4_unicode_ci DEFAULT NULL,
  `purchase_date` date NOT NULL,
  `warranty_date` date NOT NULL,
  `status` varchar(191) COLLATE utf8mb4_unicode_ci NOT NULL,
  `created_at` timestamp NULL DEFAULT NULL,
  `updated_at` timestamp NULL DEFAULT NULL
) ENGINE=InnoDB DEFAULT CHARSET=utf8mb4 COLLATE=utf8mb4_unicode_ci;

-- --------------------------------------------------------

--
-- Table structure for table `asset_categories`
--

CREATE TABLE `asset_categories` (
  `id` bigint(20) UNSIGNED NOT NULL,
  `company_id` bigint(20) UNSIGNED DEFAULT NULL,
  `category_name` varchar(100) COLLATE utf8mb4_unicode_ci NOT NULL,
  `created_at` timestamp NULL DEFAULT NULL,
  `updated_at` timestamp NULL DEFAULT NULL
) ENGINE=InnoDB DEFAULT CHARSET=utf8mb4 COLLATE=utf8mb4_unicode_ci;

-- --------------------------------------------------------

--
-- Table structure for table `attendances`
--

CREATE TABLE `attendances` (
  `id` bigint(20) UNSIGNED NOT NULL,
  `employee_id` bigint(20) UNSIGNED NOT NULL,
  `attendance_date` date NOT NULL,
  `clock_in` varchar(191) COLLATE utf8mb4_unicode_ci NOT NULL,
  `clock_in_ip` varchar(45) COLLATE utf8mb4_unicode_ci NOT NULL,
  `clock_out` varchar(191) COLLATE utf8mb4_unicode_ci NOT NULL,
  `clock_out_ip` varchar(45) COLLATE utf8mb4_unicode_ci NOT NULL,
  `clock_in_out` tinyint(4) NOT NULL,
  `time_late` varchar(191) COLLATE utf8mb4_unicode_ci NOT NULL DEFAULT '00:00',
  `early_leaving` varchar(191) COLLATE utf8mb4_unicode_ci NOT NULL DEFAULT '00:00',
  `overtime` varchar(191) COLLATE utf8mb4_unicode_ci NOT NULL DEFAULT '00:00',
  `total_work` varchar(191) COLLATE utf8mb4_unicode_ci NOT NULL DEFAULT '00:00',
  `total_rest` varchar(191) COLLATE utf8mb4_unicode_ci NOT NULL DEFAULT '00:00',
  `attendance_status` varchar(191) COLLATE utf8mb4_unicode_ci NOT NULL DEFAULT 'present'
) ENGINE=InnoDB DEFAULT CHARSET=utf8mb4 COLLATE=utf8mb4_unicode_ci;

--
-- Dumping data for table `attendances`
--

INSERT INTO `attendances` (`id`, `employee_id`, `attendance_date`, `clock_in`, `clock_in_ip`, `clock_out`, `clock_out_ip`, `clock_in_out`, `time_late`, `early_leaving`, `overtime`, `total_work`, `total_rest`, `attendance_status`) VALUES
(1, 49, '2022-07-07', '10:00', '', '12:00', '', 0, '00:00', '00:00', '00:00', '02:00', '00:00', 'present'),
(2, 48, '2022-08-07', '21:40', '::1', '', '', 1, '00:00', '00:00', '00:00', '00:00', '00:00', 'present');

-- --------------------------------------------------------

--
-- Table structure for table `awards`
--

CREATE TABLE `awards` (
  `id` bigint(20) UNSIGNED NOT NULL,
  `award_information` mediumtext COLLATE utf8mb4_unicode_ci DEFAULT NULL,
  `award_date` date NOT NULL,
  `gift` varchar(40) COLLATE utf8mb4_unicode_ci DEFAULT NULL,
  `cash` varchar(40) COLLATE utf8mb4_unicode_ci DEFAULT NULL,
  `company_id` bigint(20) UNSIGNED DEFAULT NULL,
  `department_id` bigint(20) UNSIGNED DEFAULT NULL,
  `employee_id` bigint(20) UNSIGNED NOT NULL,
  `award_type_id` bigint(20) UNSIGNED DEFAULT NULL,
  `award_photo` varchar(191) COLLATE utf8mb4_unicode_ci DEFAULT NULL,
  `created_at` timestamp NULL DEFAULT NULL,
  `updated_at` timestamp NULL DEFAULT NULL
) ENGINE=InnoDB DEFAULT CHARSET=utf8mb4 COLLATE=utf8mb4_unicode_ci;

-- --------------------------------------------------------

--
-- Table structure for table `award_types`
--

CREATE TABLE `award_types` (
  `id` bigint(20) UNSIGNED NOT NULL,
  `award_name` varchar(40) COLLATE utf8mb4_unicode_ci NOT NULL,
  `created_at` timestamp NULL DEFAULT NULL,
  `updated_at` timestamp NULL DEFAULT NULL
) ENGINE=InnoDB DEFAULT CHARSET=utf8mb4 COLLATE=utf8mb4_unicode_ci;

-- --------------------------------------------------------

--
-- Table structure for table `calendarables`
--

CREATE TABLE `calendarables` (
  `id` bigint(20) UNSIGNED NOT NULL,
  `created_at` timestamp NULL DEFAULT NULL,
  `updated_at` timestamp NULL DEFAULT NULL
) ENGINE=InnoDB DEFAULT CHARSET=utf8mb4 COLLATE=utf8mb4_unicode_ci;

-- --------------------------------------------------------

--
-- Table structure for table `candidate_interview`
--

CREATE TABLE `candidate_interview` (
  `interview_id` bigint(20) UNSIGNED NOT NULL,
  `candidate_id` bigint(20) UNSIGNED NOT NULL
) ENGINE=InnoDB DEFAULT CHARSET=utf8mb4 COLLATE=utf8mb4_unicode_ci;

-- --------------------------------------------------------

--
-- Table structure for table `clients`
--

CREATE TABLE `clients` (
  `id` bigint(20) UNSIGNED NOT NULL,
  `first_name` varchar(191) COLLATE utf8mb4_unicode_ci NOT NULL,
  `last_name` varchar(191) COLLATE utf8mb4_unicode_ci NOT NULL,
  `email` varchar(191) COLLATE utf8mb4_unicode_ci NOT NULL,
  `contact_no` varchar(15) COLLATE utf8mb4_unicode_ci NOT NULL,
  `username` varchar(64) COLLATE utf8mb4_unicode_ci NOT NULL,
  `profile` varchar(191) COLLATE utf8mb4_unicode_ci DEFAULT NULL,
  `company_name` varchar(191) COLLATE utf8mb4_unicode_ci NOT NULL,
  `gender` varchar(40) COLLATE utf8mb4_unicode_ci NOT NULL,
  `website` varchar(40) COLLATE utf8mb4_unicode_ci DEFAULT NULL,
  `address1` mediumtext COLLATE utf8mb4_unicode_ci DEFAULT NULL,
  `address2` mediumtext COLLATE utf8mb4_unicode_ci DEFAULT NULL,
  `city` varchar(191) COLLATE utf8mb4_unicode_ci DEFAULT NULL,
  `state` varchar(191) COLLATE utf8mb4_unicode_ci DEFAULT NULL,
  `zip` varchar(191) COLLATE utf8mb4_unicode_ci DEFAULT NULL,
  `country` tinyint(4) DEFAULT NULL,
  `is_active` tinyint(4) DEFAULT NULL,
  `created_at` timestamp NULL DEFAULT NULL,
  `updated_at` timestamp NULL DEFAULT NULL
) ENGINE=InnoDB DEFAULT CHARSET=utf8mb4 COLLATE=utf8mb4_unicode_ci;

-- --------------------------------------------------------

--
-- Table structure for table `companies`
--

CREATE TABLE `companies` (
  `id` bigint(20) UNSIGNED NOT NULL,
  `company_name` varchar(191) COLLATE utf8mb4_unicode_ci NOT NULL,
  `company_type` varchar(191) COLLATE utf8mb4_unicode_ci NOT NULL,
  `trading_name` varchar(191) COLLATE utf8mb4_unicode_ci DEFAULT NULL,
  `registration_no` varchar(191) COLLATE utf8mb4_unicode_ci DEFAULT NULL,
  `contact_no` varchar(191) COLLATE utf8mb4_unicode_ci DEFAULT NULL,
  `email` varchar(191) COLLATE utf8mb4_unicode_ci DEFAULT NULL,
  `website` varchar(191) COLLATE utf8mb4_unicode_ci DEFAULT NULL,
  `tax_no` varchar(191) COLLATE utf8mb4_unicode_ci DEFAULT NULL,
  `location_id` bigint(20) UNSIGNED DEFAULT NULL,
  `company_logo` varchar(191) COLLATE utf8mb4_unicode_ci DEFAULT NULL,
  `is_active` tinyint(4) DEFAULT NULL,
  `created_at` timestamp NULL DEFAULT NULL,
  `updated_at` timestamp NULL DEFAULT NULL
) ENGINE=InnoDB DEFAULT CHARSET=utf8mb4 COLLATE=utf8mb4_unicode_ci;

--
-- Dumping data for table `companies`
--

INSERT INTO `companies` (`id`, `company_name`, `company_type`, `trading_name`, `registration_no`, `contact_no`, `email`, `website`, `tax_no`, `location_id`, `company_logo`, `is_active`, `created_at`, `updated_at`) VALUES
(1, 'XYZ Tech', 'corporation', 'XYZ Tech', '234567890GF', '741085209', 'xyz@xyz.com', '', 'G4F5D6789', 1, NULL, NULL, '2022-03-26 04:57:49', '2022-03-26 04:57:49'),
(2, 'Google', 'corporation', 'Google', '23456789', '9874563210', 'help@google.com', 'www.google.com', '23D456789', 1, '41179362_1657187759.jpg', NULL, '2022-07-07 07:25:59', '2022-07-07 07:25:59');

-- --------------------------------------------------------

--
-- Table structure for table `complaints`
--

CREATE TABLE `complaints` (
  `id` bigint(20) UNSIGNED NOT NULL,
  `complaint_title` varchar(40) COLLATE utf8mb4_unicode_ci NOT NULL,
  `description` mediumtext COLLATE utf8mb4_unicode_ci DEFAULT NULL,
  `company_id` bigint(20) UNSIGNED NOT NULL,
  `complaint_from` bigint(20) UNSIGNED NOT NULL,
  `complaint_against` bigint(20) UNSIGNED NOT NULL,
  `complaint_date` date NOT NULL,
  `status` varchar(40) COLLATE utf8mb4_unicode_ci NOT NULL,
  `created_at` timestamp NULL DEFAULT NULL,
  `updated_at` timestamp NULL DEFAULT NULL
) ENGINE=InnoDB DEFAULT CHARSET=utf8mb4 COLLATE=utf8mb4_unicode_ci;

-- --------------------------------------------------------

--
-- Table structure for table `countries`
--

CREATE TABLE `countries` (
  `id` int(10) UNSIGNED NOT NULL,
  `code` varchar(191) COLLATE utf8mb4_unicode_ci NOT NULL,
  `name` varchar(191) COLLATE utf8mb4_unicode_ci NOT NULL
) ENGINE=InnoDB DEFAULT CHARSET=utf8mb4 COLLATE=utf8mb4_unicode_ci;

--
-- Dumping data for table `countries`
--

INSERT INTO `countries` (`id`, `code`, `name`) VALUES
(1, 'US', 'United States'),
(2, 'CA', 'Canada'),
(3, 'AF', 'Afghanistan'),
(4, 'AL', 'Albania'),
(5, 'DZ', 'Algeria'),
(6, 'DS', 'American Samoa'),
(7, 'AD', 'Andorra'),
(8, 'AO', 'Angola'),
(9, 'AI', 'Anguilla'),
(10, 'AQ', 'Antarctica'),
(11, 'AG', 'Antigua and/or Barbuda'),
(12, 'AR', 'Argentina'),
(13, 'AM', 'Armenia'),
(14, 'AW', 'Aruba'),
(15, 'AU', 'Australia'),
(16, 'AT', 'Austria'),
(17, 'AZ', 'Azerbaijan'),
(18, 'BS', 'Bahamas'),
(19, 'BH', 'Bahrain'),
(20, 'BD', 'Bangladesh'),
(21, 'BB', 'Barbados'),
(22, 'BY', 'Belarus'),
(23, 'BE', 'Belgium'),
(24, 'BZ', 'Belize'),
(25, 'BJ', 'Benin'),
(26, 'BM', 'Bermuda'),
(27, 'BT', 'Bhutan'),
(28, 'BO', 'Bolivia'),
(29, 'BA', 'Bosnia and Herzegovina'),
(30, 'BW', 'Botswana'),
(31, 'BV', 'Bouvet Island'),
(32, 'BR', 'Brazil'),
(33, 'IO', 'British lndian Ocean Territory'),
(34, 'BN', 'Brunei Darussalam'),
(35, 'BG', 'Bulgaria'),
(36, 'BF', 'Burkina Faso'),
(37, 'BI', 'Burundi'),
(38, 'KH', 'Cambodia'),
(39, 'CM', 'Cameroon'),
(40, 'CV', 'Cape Verde'),
(41, 'KY', 'Cayman Islands'),
(42, 'CF', 'Central African Republic'),
(43, 'TD', 'Chad'),
(44, 'CL', 'Chile'),
(45, 'CN', 'China'),
(46, 'CX', 'Christmas Island'),
(47, 'CC', 'Cocos (Keeling) Islands'),
(48, 'CO', 'Colombia'),
(49, 'KM', 'Comoros'),
(50, 'CG', 'Congo'),
(51, 'CK', 'Cook Islands'),
(52, 'CR', 'Costa Rica'),
(53, 'HR', 'Croatia (Hrvatska)'),
(54, 'CU', 'Cuba'),
(55, 'CY', 'Cyprus'),
(56, 'CZ', 'Czech Republic'),
(57, 'DK', 'Denmark'),
(58, 'DJ', 'Djibouti'),
(59, 'DM', 'Dominica'),
(60, 'DO', 'Dominican Republic'),
(61, 'TP', 'East Timor'),
(62, 'EC', 'Ecudaor'),
(63, 'EG', 'Egypt'),
(64, 'SV', 'El Salvador'),
(65, 'GQ', 'Equatorial Guinea'),
(66, 'ER', 'Eritrea'),
(67, 'EE', 'Estonia'),
(68, 'ET', 'Ethiopia'),
(69, 'FK', 'Falkland Islands (Malvinas)'),
(70, 'FO', 'Faroe Islands'),
(71, 'FJ', 'Fiji'),
(72, 'FI', 'Finland'),
(73, 'FR', 'France'),
(74, 'FX', 'France, Metropolitan'),
(75, 'GF', 'French Guiana'),
(76, 'PF', 'French Polynesia'),
(77, 'TF', 'French Southern Territories'),
(78, 'GA', 'Gabon'),
(79, 'GM', 'Gambia'),
(80, 'GE', 'Georgia'),
(81, 'DE', 'Germany'),
(82, 'GH', 'Ghana'),
(83, 'GI', 'Gibraltar'),
(84, 'GR', 'Greece'),
(85, 'GL', 'Greenland'),
(86, 'GD', 'Grenada'),
(87, 'GP', 'Guadeloupe'),
(88, 'GU', 'Guam'),
(89, 'GT', 'Guatemala'),
(90, 'GN', 'Guinea'),
(91, 'GW', 'Guinea-Bissau'),
(92, 'GY', 'Guyana'),
(93, 'HT', 'Haiti'),
(94, 'HM', 'Heard and Mc Donald Islands'),
(95, 'HN', 'Honduras'),
(96, 'HK', 'Hong Kong'),
(97, 'HU', 'Hungary'),
(98, 'IS', 'Iceland'),
(99, 'IN', 'India'),
(100, 'ID', 'Indonesia'),
(101, 'IR', 'Iran (Islamic Republic of)'),
(102, 'IQ', 'Iraq'),
(103, 'IE', 'Ireland'),
(104, 'IL', 'Israel'),
(105, 'IT', 'Italy'),
(106, 'CI', 'Ivory Coast'),
(107, 'JM', 'Jamaica'),
(108, 'JP', 'Japan'),
(109, 'JO', 'Jordan'),
(110, 'KZ', 'Kazakhstan'),
(111, 'KE', 'Kenya'),
(112, 'KI', 'Kiribati'),
(113, 'KP', 'Korea, Democratic People\'s Republic of'),
(114, 'KR', 'Korea, Republic of'),
(115, 'KW', 'Kuwait'),
(116, 'KG', 'Kyrgyzstan'),
(117, 'LA', 'Lao People\'s Democratic Republic'),
(118, 'LV', 'Latvia'),
(119, 'LB', 'Lebanon'),
(120, 'LS', 'Lesotho'),
(121, 'LR', 'Liberia'),
(122, 'LY', 'Libyan Arab Jamahiriya'),
(123, 'LI', 'Liechtenstein'),
(124, 'LT', 'Lithuania'),
(125, 'LU', 'Luxembourg'),
(126, 'MO', 'Macau'),
(127, 'MK', 'Macedonia'),
(128, 'MG', 'Madagascar'),
(129, 'MW', 'Malawi'),
(130, 'MY', 'Malaysia'),
(131, 'MV', 'Maldives'),
(132, 'ML', 'Mali'),
(133, 'MT', 'Malta'),
(134, 'MH', 'Marshall Islands'),
(135, 'MQ', 'Martinique'),
(136, 'MR', 'Mauritania'),
(137, 'MU', 'Mauritius'),
(138, 'TY', 'Mayotte'),
(139, 'MX', 'Mexico'),
(140, 'FM', 'Micronesia, Federated States of'),
(141, 'MD', 'Moldova, Republic of'),
(142, 'MC', 'Monaco'),
(143, 'MN', 'Mongolia'),
(144, 'MS', 'Montserrat'),
(145, 'MA', 'Morocco'),
(146, 'MZ', 'Mozambique'),
(147, 'MM', 'Myanmar'),
(148, 'NA', 'Namibia'),
(149, 'NR', 'Nauru'),
(150, 'NP', 'Nepal'),
(151, 'NL', 'Netherlands'),
(152, 'AN', 'Netherlands Antilles'),
(153, 'NC', 'New Caledonia'),
(154, 'NZ', 'New Zealand'),
(155, 'NI', 'Nicaragua'),
(156, 'NE', 'Niger'),
(157, 'NG', 'Nigeria'),
(158, 'NU', 'Niue'),
(159, 'NF', 'Norfork Island'),
(160, 'MP', 'Northern Mariana Islands'),
(161, 'NO', 'Norway'),
(162, 'OM', 'Oman'),
(163, 'PK', 'Pakistan'),
(164, 'PW', 'Palau'),
(165, 'PA', 'Panama'),
(166, 'PG', 'Papua New Guinea'),
(167, 'PY', 'Paraguay'),
(168, 'PE', 'Peru'),
(169, 'PH', 'Philippines'),
(170, 'PN', 'Pitcairn'),
(171, 'PL', 'Poland'),
(172, 'PT', 'Portugal'),
(173, 'PR', 'Puerto Rico'),
(174, 'QA', 'Qatar'),
(175, 'RE', 'Reunion'),
(176, 'RO', 'Romania'),
(177, 'RU', 'Russian Federation'),
(178, 'RW', 'Rwanda'),
(179, 'KN', 'Saint Kitts and Nevis'),
(180, 'LC', 'Saint Lucia'),
(181, 'VC', 'Saint Vincent and the Grenadines'),
(182, 'WS', 'Samoa'),
(183, 'SM', 'San Marino'),
(184, 'ST', 'Sao Tome and Principe'),
(185, 'SA', 'Saudi Arabia'),
(186, 'SN', 'Senegal'),
(187, 'SC', 'Seychelles'),
(188, 'SL', 'Sierra Leone'),
(189, 'SG', 'Singapore'),
(190, 'SK', 'Slovakia'),
(191, 'SI', 'Slovenia'),
(192, 'SB', 'Solomon Islands'),
(193, 'SO', 'Somalia'),
(194, 'ZA', 'South Africa'),
(195, 'GS', 'South Georgia South Sandwich Islands'),
(196, 'ES', 'Spain'),
(197, 'LK', 'Sri Lanka'),
(198, 'SH', 'St. Helena'),
(199, 'PM', 'St. Pierre and Miquelon'),
(200, 'SD', 'Sudan'),
(201, 'SR', 'Suriname'),
(202, 'SJ', 'Svalbarn and Jan Mayen Islands'),
(203, 'SZ', 'Swaziland'),
(204, 'SE', 'Sweden'),
(205, 'CH', 'Switzerland'),
(206, 'SY', 'Syrian Arab Republic'),
(207, 'TW', 'Taiwan'),
(208, 'TJ', 'Tajikistan'),
(209, 'TZ', 'Tanzania, United Republic of'),
(210, 'TH', 'Thailand'),
(211, 'TG', 'Togo'),
(212, 'TK', 'Tokelau'),
(213, 'TO', 'Tonga'),
(214, 'TT', 'Trinidad and Tobago'),
(215, 'TN', 'Tunisia'),
(216, 'TR', 'Turkey'),
(217, 'TM', 'Turkmenistan'),
(218, 'TC', 'Turks and Caicos Islands'),
(219, 'TV', 'Tuvalu'),
(220, 'UG', 'Uganda'),
(221, 'UA', 'Ukraine'),
(222, 'AE', 'United Arab Emirates'),
(223, 'GB', 'United Kingdom'),
(224, 'UM', 'United States minor outlying islands'),
(225, 'UY', 'Uruguay'),
(226, 'UZ', 'Uzbekistan'),
(227, 'VU', 'Vanuatu'),
(228, 'VA', 'Vatican City State'),
(229, 'VE', 'Venezuela'),
(230, 'VN', 'Vietnam'),
(231, 'VG', 'Virigan Islands (British)'),
(232, 'VI', 'Virgin Islands (U.S.)'),
(233, 'WF', 'Wallis and Futuna Islands'),
(234, 'EH', 'Western Sahara'),
(235, 'YE', 'Yemen'),
(236, 'YU', 'Yugoslavia'),
(237, 'ZR', 'Zaire'),
(238, 'ZM', 'Zambia'),
(239, 'ZW', 'Zimbabwe');

-- --------------------------------------------------------

--
-- Table structure for table `c_m_s`
--

CREATE TABLE `c_m_s` (
  `id` bigint(20) UNSIGNED NOT NULL,
  `home` longtext COLLATE utf8mb4_unicode_ci DEFAULT NULL,
  `about` longtext COLLATE utf8mb4_unicode_ci DEFAULT NULL,
  `contact` longtext COLLATE utf8mb4_unicode_ci DEFAULT NULL,
  `created_at` timestamp NULL DEFAULT NULL,
  `updated_at` timestamp NULL DEFAULT NULL
) ENGINE=InnoDB DEFAULT CHARSET=utf8mb4 COLLATE=utf8mb4_unicode_ci;

-- --------------------------------------------------------

--
-- Table structure for table `departments`
--

CREATE TABLE `departments` (
  `id` bigint(20) UNSIGNED NOT NULL,
  `department_name` varchar(191) COLLATE utf8mb4_unicode_ci NOT NULL,
  `company_id` bigint(20) UNSIGNED DEFAULT NULL,
  `department_head` bigint(20) UNSIGNED DEFAULT NULL,
  `is_active` tinyint(4) DEFAULT NULL,
  `created_at` timestamp NULL DEFAULT NULL,
  `updated_at` timestamp NULL DEFAULT NULL
) ENGINE=InnoDB DEFAULT CHARSET=utf8mb4 COLLATE=utf8mb4_unicode_ci;

--
-- Dumping data for table `departments`
--

INSERT INTO `departments` (`id`, `department_name`, `company_id`, `department_head`, `is_active`, `created_at`, `updated_at`) VALUES
(1, 'Head & Management', 1, NULL, NULL, '2022-03-26 04:58:09', '2022-03-26 04:58:09');

-- --------------------------------------------------------

--
-- Table structure for table `designations`
--

CREATE TABLE `designations` (
  `id` bigint(20) UNSIGNED NOT NULL,
  `designation_name` varchar(191) COLLATE utf8mb4_unicode_ci NOT NULL,
  `company_id` bigint(20) UNSIGNED DEFAULT NULL,
  `department_id` bigint(20) UNSIGNED DEFAULT NULL,
  `is_active` tinyint(4) DEFAULT NULL,
  `created_at` timestamp NULL DEFAULT NULL,
  `updated_at` timestamp NULL DEFAULT NULL
) ENGINE=InnoDB DEFAULT CHARSET=utf8mb4 COLLATE=utf8mb4_unicode_ci;

--
-- Dumping data for table `designations`
--

INSERT INTO `designations` (`id`, `designation_name`, `company_id`, `department_id`, `is_active`, `created_at`, `updated_at`) VALUES
(1, 'CEO', 1, 1, NULL, '2022-03-26 04:58:30', '2022-03-26 04:58:30');

-- --------------------------------------------------------

--
-- Table structure for table `document_types`
--

CREATE TABLE `document_types` (
  `id` bigint(20) UNSIGNED NOT NULL,
  `company_id` bigint(20) UNSIGNED DEFAULT NULL,
  `document_type` varchar(191) COLLATE utf8mb4_unicode_ci DEFAULT NULL,
  `created_at` timestamp NULL DEFAULT NULL,
  `updated_at` timestamp NULL DEFAULT NULL
) ENGINE=InnoDB DEFAULT CHARSET=utf8mb4 COLLATE=utf8mb4_unicode_ci;

-- --------------------------------------------------------

--
-- Table structure for table `employees`
--

CREATE TABLE `employees` (
  `id` bigint(20) UNSIGNED NOT NULL,
  `first_name` varchar(191) COLLATE utf8mb4_unicode_ci NOT NULL,
  `last_name` varchar(191) COLLATE utf8mb4_unicode_ci DEFAULT NULL,
  `email` varchar(191) COLLATE utf8mb4_unicode_ci DEFAULT NULL,
  `contact_no` varchar(15) COLLATE utf8mb4_unicode_ci NOT NULL,
  `date_of_birth` date NOT NULL,
  `gender` varchar(191) COLLATE utf8mb4_unicode_ci NOT NULL,
  `office_shift_id` bigint(20) UNSIGNED DEFAULT NULL,
  `company_id` bigint(20) UNSIGNED DEFAULT NULL,
  `department_id` bigint(20) UNSIGNED DEFAULT NULL,
  `designation_id` bigint(20) UNSIGNED DEFAULT NULL,
  `location_id` bigint(20) UNSIGNED DEFAULT NULL,
  `role_users_id` bigint(20) UNSIGNED DEFAULT NULL,
  `status_id` bigint(20) UNSIGNED DEFAULT NULL,
  `joining_date` date DEFAULT NULL,
  `exit_date` date DEFAULT NULL,
  `marital_status` varchar(191) COLLATE utf8mb4_unicode_ci DEFAULT NULL,
  `address` text COLLATE utf8mb4_unicode_ci DEFAULT NULL,
  `city` varchar(64) COLLATE utf8mb4_unicode_ci DEFAULT NULL,
  `state` varchar(64) COLLATE utf8mb4_unicode_ci DEFAULT NULL,
  `country` varchar(64) COLLATE utf8mb4_unicode_ci DEFAULT NULL,
  `zip_code` varchar(24) COLLATE utf8mb4_unicode_ci DEFAULT NULL,
  `cv` varchar(64) COLLATE utf8mb4_unicode_ci DEFAULT NULL,
  `skype_id` varchar(64) COLLATE utf8mb4_unicode_ci DEFAULT NULL,
  `fb_id` varchar(64) COLLATE utf8mb4_unicode_ci DEFAULT NULL,
  `twitter_id` varchar(64) COLLATE utf8mb4_unicode_ci DEFAULT NULL,
  `linkedIn_id` varchar(64) COLLATE utf8mb4_unicode_ci DEFAULT NULL,
  `whatsapp_id` varchar(64) COLLATE utf8mb4_unicode_ci DEFAULT NULL,
  `basic_salary` double NOT NULL DEFAULT 0,
  `payslip_type` varchar(191) COLLATE utf8mb4_unicode_ci DEFAULT NULL,
  `attendance_type` varchar(191) COLLATE utf8mb4_unicode_ci NOT NULL,
  `total_leave` int(14) DEFAULT 0,
  `remaining_leave` int(14) DEFAULT 0,
  `pension_type` varchar(50) COLLATE utf8mb4_unicode_ci DEFAULT NULL,
  `pension_amount` double(8,2) NOT NULL DEFAULT 0.00,
  `is_active` tinyint(4) DEFAULT NULL,
  `created_at` timestamp NULL DEFAULT NULL,
  `updated_at` timestamp NULL DEFAULT NULL
) ENGINE=InnoDB DEFAULT CHARSET=utf8mb4 COLLATE=utf8mb4_unicode_ci;

--
-- Dumping data for table `employees`
--

INSERT INTO `employees` (`id`, `first_name`, `last_name`, `email`, `contact_no`, `date_of_birth`, `gender`, `office_shift_id`, `company_id`, `department_id`, `designation_id`, `location_id`, `role_users_id`, `status_id`, `joining_date`, `exit_date`, `marital_status`, `address`, `city`, `state`, `country`, `zip_code`, `cv`, `skype_id`, `fb_id`, `twitter_id`, `linkedIn_id`, `whatsapp_id`, `basic_salary`, `payslip_type`, `attendance_type`, `total_leave`, `remaining_leave`, `pension_type`, `pension_amount`, `is_active`, `created_at`, `updated_at`) VALUES
(48, 'john', 'doe', 'john@email.com', '9874102563', '2022-05-12', 'Male', 1, 1, 1, 1, NULL, 2, 1, '2022-05-02', NULL, '', '', '', '', '', '', NULL, NULL, NULL, NULL, NULL, NULL, 500, 'Monthly', 'general', 10, 10, NULL, 0.00, 1, '2022-05-04 06:10:01', '2022-09-18 07:21:34'),
(49, 'Sameer', 'fioe', 'sam@email.com', '98586265', '2022-07-07', 'Male', 1, 1, 1, 1, NULL, 2, NULL, '2022-07-01', NULL, NULL, NULL, NULL, NULL, NULL, NULL, NULL, NULL, NULL, NULL, NULL, NULL, 500, 'Monthly', 'ip_based', 0, 0, NULL, 0.00, 1, '2022-07-07 07:29:08', '2022-07-07 07:29:49');

-- --------------------------------------------------------

--
-- Table structure for table `employee_bank_accounts`
--

CREATE TABLE `employee_bank_accounts` (
  `id` bigint(20) UNSIGNED NOT NULL,
  `employee_id` bigint(20) UNSIGNED NOT NULL,
  `account_title` varchar(191) COLLATE utf8mb4_unicode_ci NOT NULL,
  `account_number` varchar(191) COLLATE utf8mb4_unicode_ci NOT NULL,
  `bank_name` varchar(191) COLLATE utf8mb4_unicode_ci NOT NULL,
  `bank_code` varchar(191) COLLATE utf8mb4_unicode_ci NOT NULL,
  `bank_branch` varchar(191) COLLATE utf8mb4_unicode_ci NOT NULL,
  `created_at` timestamp NULL DEFAULT NULL,
  `updated_at` timestamp NULL DEFAULT NULL
) ENGINE=InnoDB DEFAULT CHARSET=utf8mb4 COLLATE=utf8mb4_unicode_ci;

-- --------------------------------------------------------

--
-- Table structure for table `employee_contacts`
--

CREATE TABLE `employee_contacts` (
  `id` bigint(20) UNSIGNED NOT NULL,
  `employee_id` bigint(20) UNSIGNED NOT NULL,
  `relation` varchar(50) COLLATE utf8mb4_unicode_ci NOT NULL,
  `is_primary` tinyint(4) DEFAULT 0,
  `is_dependent` tinyint(4) DEFAULT 0,
  `contact_name` varchar(191) COLLATE utf8mb4_unicode_ci NOT NULL,
  `work_phone` varchar(191) COLLATE utf8mb4_unicode_ci DEFAULT NULL,
  `work_phone_ext` varchar(191) COLLATE utf8mb4_unicode_ci DEFAULT NULL,
  `personal_phone` varchar(191) COLLATE utf8mb4_unicode_ci DEFAULT NULL,
  `home_phone` varchar(191) COLLATE utf8mb4_unicode_ci DEFAULT NULL,
  `work_email` varchar(191) COLLATE utf8mb4_unicode_ci DEFAULT NULL,
  `personal_email` varchar(191) COLLATE utf8mb4_unicode_ci DEFAULT NULL,
  `address1` varchar(191) COLLATE utf8mb4_unicode_ci DEFAULT NULL,
  `address2` varchar(191) COLLATE utf8mb4_unicode_ci DEFAULT NULL,
  `city` varchar(191) COLLATE utf8mb4_unicode_ci DEFAULT NULL,
  `state` varchar(191) COLLATE utf8mb4_unicode_ci DEFAULT NULL,
  `zip` varchar(191) COLLATE utf8mb4_unicode_ci DEFAULT NULL,
  `country_id` int(11) NOT NULL,
  `created_at` timestamp NULL DEFAULT NULL,
  `updated_at` timestamp NULL DEFAULT NULL
) ENGINE=InnoDB DEFAULT CHARSET=utf8mb4 COLLATE=utf8mb4_unicode_ci;

-- --------------------------------------------------------

--
-- Table structure for table `employee_documents`
--

CREATE TABLE `employee_documents` (
  `id` bigint(20) UNSIGNED NOT NULL,
  `employee_id` bigint(20) UNSIGNED NOT NULL,
  `document_type_id` bigint(20) UNSIGNED DEFAULT NULL,
  `document_title` varchar(191) COLLATE utf8mb4_unicode_ci NOT NULL,
  `description` mediumtext COLLATE utf8mb4_unicode_ci DEFAULT NULL,
  `document_file` varchar(191) COLLATE utf8mb4_unicode_ci DEFAULT NULL,
  `expiry_date` date NOT NULL,
  `is_notify` tinyint(4) DEFAULT NULL,
  `created_at` timestamp NULL DEFAULT NULL,
  `updated_at` timestamp NULL DEFAULT NULL
) ENGINE=InnoDB DEFAULT CHARSET=utf8mb4 COLLATE=utf8mb4_unicode_ci;

-- --------------------------------------------------------

--
-- Table structure for table `employee_immigrations`
--

CREATE TABLE `employee_immigrations` (
  `id` bigint(20) UNSIGNED NOT NULL,
  `employee_id` bigint(20) UNSIGNED NOT NULL,
  `document_type_id` bigint(20) UNSIGNED DEFAULT NULL,
  `document_number` varchar(191) COLLATE utf8mb4_unicode_ci NOT NULL,
  `document_file` varchar(191) COLLATE utf8mb4_unicode_ci DEFAULT NULL,
  `issue_date` date NOT NULL,
  `expiry_date` date DEFAULT NULL,
  `eligible_review_date` date DEFAULT NULL,
  `country_id` int(11) NOT NULL,
  `created_at` timestamp NULL DEFAULT NULL,
  `updated_at` timestamp NULL DEFAULT NULL
) ENGINE=InnoDB DEFAULT CHARSET=utf8mb4 COLLATE=utf8mb4_unicode_ci;

-- --------------------------------------------------------

--
-- Table structure for table `employee_interview`
--

CREATE TABLE `employee_interview` (
  `interview_id` bigint(20) UNSIGNED NOT NULL,
  `employee_id` bigint(20) UNSIGNED NOT NULL
) ENGINE=InnoDB DEFAULT CHARSET=utf8mb4 COLLATE=utf8mb4_unicode_ci;

-- --------------------------------------------------------

--
-- Table structure for table `employee_meeting`
--

CREATE TABLE `employee_meeting` (
  `employee_id` bigint(20) UNSIGNED NOT NULL,
  `meeting_id` bigint(20) UNSIGNED NOT NULL
) ENGINE=InnoDB DEFAULT CHARSET=utf8mb4 COLLATE=utf8mb4_unicode_ci;

-- --------------------------------------------------------

--
-- Table structure for table `employee_project`
--

CREATE TABLE `employee_project` (
  `employee_id` bigint(20) UNSIGNED NOT NULL,
  `project_id` bigint(20) UNSIGNED NOT NULL
) ENGINE=InnoDB DEFAULT CHARSET=utf8mb4 COLLATE=utf8mb4_unicode_ci;

-- --------------------------------------------------------

--
-- Table structure for table `employee_qualificaitons`
--

CREATE TABLE `employee_qualificaitons` (
  `id` bigint(20) UNSIGNED NOT NULL,
  `employee_id` bigint(20) UNSIGNED NOT NULL,
  `education_level_id` bigint(20) UNSIGNED DEFAULT NULL,
  `institution_name` varchar(191) COLLATE utf8mb4_unicode_ci NOT NULL,
  `from_year` date DEFAULT NULL,
  `to_year` date DEFAULT NULL,
  `language_skill_id` bigint(20) UNSIGNED DEFAULT NULL,
  `general_skill_id` bigint(20) UNSIGNED DEFAULT NULL,
  `description` mediumtext COLLATE utf8mb4_unicode_ci DEFAULT NULL,
  `created_at` timestamp NULL DEFAULT NULL,
  `updated_at` timestamp NULL DEFAULT NULL
) ENGINE=InnoDB DEFAULT CHARSET=utf8mb4 COLLATE=utf8mb4_unicode_ci;

-- --------------------------------------------------------

--
-- Table structure for table `employee_support_ticket`
--

CREATE TABLE `employee_support_ticket` (
  `employee_id` bigint(20) UNSIGNED NOT NULL,
  `support_ticket_id` bigint(20) UNSIGNED NOT NULL
) ENGINE=InnoDB DEFAULT CHARSET=utf8mb4 COLLATE=utf8mb4_unicode_ci;

-- --------------------------------------------------------

--
-- Table structure for table `employee_task`
--

CREATE TABLE `employee_task` (
  `employee_id` bigint(20) UNSIGNED NOT NULL,
  `task_id` bigint(20) UNSIGNED NOT NULL
) ENGINE=InnoDB DEFAULT CHARSET=utf8mb4 COLLATE=utf8mb4_unicode_ci;

-- --------------------------------------------------------

--
-- Table structure for table `employee_training_list`
--

CREATE TABLE `employee_training_list` (
  `employee_id` bigint(20) UNSIGNED NOT NULL,
  `training_list_id` bigint(20) UNSIGNED NOT NULL
) ENGINE=InnoDB DEFAULT CHARSET=utf8mb4 COLLATE=utf8mb4_unicode_ci;

-- --------------------------------------------------------

--
-- Table structure for table `employee_work_experience`
--

CREATE TABLE `employee_work_experience` (
  `id` bigint(20) UNSIGNED NOT NULL,
  `employee_id` bigint(20) UNSIGNED NOT NULL,
  `company_name` varchar(191) COLLATE utf8mb4_unicode_ci NOT NULL,
  `from_year` date DEFAULT NULL,
  `to_year` date DEFAULT NULL,
  `post` varchar(191) COLLATE utf8mb4_unicode_ci NOT NULL,
  `description` mediumtext COLLATE utf8mb4_unicode_ci DEFAULT NULL,
  `created_at` timestamp NULL DEFAULT NULL,
  `updated_at` timestamp NULL DEFAULT NULL
) ENGINE=InnoDB DEFAULT CHARSET=utf8mb4 COLLATE=utf8mb4_unicode_ci;

-- --------------------------------------------------------

--
-- Table structure for table `events`
--

CREATE TABLE `events` (
  `id` bigint(20) UNSIGNED NOT NULL,
  `company_id` bigint(20) UNSIGNED NOT NULL,
  `department_id` bigint(20) UNSIGNED NOT NULL,
  `event_title` varchar(191) COLLATE utf8mb4_unicode_ci NOT NULL,
  `event_note` mediumtext COLLATE utf8mb4_unicode_ci NOT NULL,
  `event_date` date NOT NULL,
  `event_time` varchar(191) COLLATE utf8mb4_unicode_ci NOT NULL,
  `status` varchar(30) COLLATE utf8mb4_unicode_ci NOT NULL,
  `is_notify` tinyint(4) DEFAULT 0,
  `created_at` timestamp NULL DEFAULT NULL,
  `updated_at` timestamp NULL DEFAULT NULL
) ENGINE=InnoDB DEFAULT CHARSET=utf8mb4 COLLATE=utf8mb4_unicode_ci;

-- --------------------------------------------------------

--
-- Table structure for table `expense_types`
--

CREATE TABLE `expense_types` (
  `id` bigint(20) UNSIGNED NOT NULL,
  `company_id` bigint(20) UNSIGNED DEFAULT NULL,
  `type` varchar(40) COLLATE utf8mb4_unicode_ci NOT NULL,
  `created_at` timestamp NULL DEFAULT NULL,
  `updated_at` timestamp NULL DEFAULT NULL
) ENGINE=InnoDB DEFAULT CHARSET=utf8mb4 COLLATE=utf8mb4_unicode_ci;

-- --------------------------------------------------------

--
-- Table structure for table `failed_jobs`
--

CREATE TABLE `failed_jobs` (
  `id` bigint(20) UNSIGNED NOT NULL,
  `connection` text COLLATE utf8mb4_unicode_ci NOT NULL,
  `queue` text COLLATE utf8mb4_unicode_ci NOT NULL,
  `payload` longtext COLLATE utf8mb4_unicode_ci NOT NULL,
  `exception` longtext COLLATE utf8mb4_unicode_ci NOT NULL,
  `failed_at` timestamp NOT NULL DEFAULT current_timestamp()
) ENGINE=InnoDB DEFAULT CHARSET=utf8mb4 COLLATE=utf8mb4_unicode_ci;

-- --------------------------------------------------------

--
-- Table structure for table `file_managers`
--

CREATE TABLE `file_managers` (
  `id` bigint(20) UNSIGNED NOT NULL,
  `department_id` bigint(20) UNSIGNED DEFAULT NULL,
  `added_by` bigint(20) UNSIGNED DEFAULT NULL,
  `file_name` varchar(191) COLLATE utf8mb4_unicode_ci NOT NULL,
  `file_size` varchar(191) COLLATE utf8mb4_unicode_ci DEFAULT NULL,
  `file_extension` varchar(191) COLLATE utf8mb4_unicode_ci DEFAULT NULL,
  `external_link` varchar(191) COLLATE utf8mb4_unicode_ci DEFAULT NULL,
  `created_at` timestamp NULL DEFAULT NULL,
  `updated_at` timestamp NULL DEFAULT NULL
) ENGINE=InnoDB DEFAULT CHARSET=utf8mb4 COLLATE=utf8mb4_unicode_ci;

-- --------------------------------------------------------

--
-- Table structure for table `file_manager_settings`
--

CREATE TABLE `file_manager_settings` (
  `id` bigint(20) UNSIGNED NOT NULL,
  `allowed_extensions` mediumtext COLLATE utf8mb4_unicode_ci NOT NULL,
  `max_file_size` int(11) NOT NULL,
  `created_at` timestamp NULL DEFAULT NULL,
  `updated_at` timestamp NULL DEFAULT NULL
) ENGINE=InnoDB DEFAULT CHARSET=utf8mb4 COLLATE=utf8mb4_unicode_ci;

-- --------------------------------------------------------

--
-- Table structure for table `finance_bank_cashes`
--

CREATE TABLE `finance_bank_cashes` (
  `id` bigint(20) UNSIGNED NOT NULL,
  `account_name` varchar(50) COLLATE utf8mb4_unicode_ci NOT NULL,
  `account_balance` varchar(191) COLLATE utf8mb4_unicode_ci NOT NULL,
  `initial_balance` varchar(191) COLLATE utf8mb4_unicode_ci NOT NULL,
  `account_number` varchar(191) COLLATE utf8mb4_unicode_ci NOT NULL,
  `branch_code` varchar(191) COLLATE utf8mb4_unicode_ci NOT NULL,
  `bank_branch` varchar(191) COLLATE utf8mb4_unicode_ci NOT NULL,
  `created_at` timestamp NULL DEFAULT NULL,
  `updated_at` timestamp NULL DEFAULT NULL
) ENGINE=InnoDB DEFAULT CHARSET=utf8mb4 COLLATE=utf8mb4_unicode_ci;

--
-- Dumping data for table `finance_bank_cashes`
--

INSERT INTO `finance_bank_cashes` (`id`, `account_name`, `account_balance`, `initial_balance`, `account_number`, `branch_code`, `bank_branch`, `created_at`, `updated_at`) VALUES
(1, 'Kotak', '99998750', '100000000', '985203652', 'KKB00', 'Kotak Hyd', '2022-07-25 08:28:38', '2022-08-07 16:16:59');

-- --------------------------------------------------------

--
-- Table structure for table `finance_deposits`
--

CREATE TABLE `finance_deposits` (
  `id` bigint(20) UNSIGNED NOT NULL,
  `company_id` bigint(20) UNSIGNED DEFAULT NULL,
  `account_id` bigint(20) UNSIGNED DEFAULT NULL,
  `amount` varchar(30) COLLATE utf8mb4_unicode_ci NOT NULL,
  `category` varchar(30) COLLATE utf8mb4_unicode_ci NOT NULL,
  `description` mediumtext COLLATE utf8mb4_unicode_ci DEFAULT NULL,
  `payment_method_id` bigint(20) UNSIGNED DEFAULT NULL,
  `payer_id` bigint(20) UNSIGNED DEFAULT NULL,
  `deposit_reference` varchar(191) COLLATE utf8mb4_unicode_ci NOT NULL,
  `deposit_file` varchar(191) COLLATE utf8mb4_unicode_ci DEFAULT NULL,
  `deposit_date` date NOT NULL,
  `created_at` timestamp NULL DEFAULT NULL,
  `updated_at` timestamp NULL DEFAULT NULL
) ENGINE=InnoDB DEFAULT CHARSET=utf8mb4 COLLATE=utf8mb4_unicode_ci;

-- --------------------------------------------------------

--
-- Table structure for table `finance_expenses`
--

CREATE TABLE `finance_expenses` (
  `id` bigint(20) UNSIGNED NOT NULL,
  `company_id` bigint(20) UNSIGNED DEFAULT NULL,
  `account_id` bigint(20) UNSIGNED DEFAULT NULL,
  `amount` varchar(30) COLLATE utf8mb4_unicode_ci NOT NULL,
  `category_id` bigint(20) UNSIGNED DEFAULT NULL,
  `description` mediumtext COLLATE utf8mb4_unicode_ci DEFAULT NULL,
  `payment_method_id` bigint(20) UNSIGNED DEFAULT NULL,
  `payee_id` bigint(20) UNSIGNED DEFAULT NULL,
  `expense_reference` varchar(191) COLLATE utf8mb4_unicode_ci NOT NULL,
  `expense_file` varchar(191) COLLATE utf8mb4_unicode_ci DEFAULT NULL,
  `expense_date` date NOT NULL,
  `created_at` timestamp NULL DEFAULT NULL,
  `updated_at` timestamp NULL DEFAULT NULL
) ENGINE=InnoDB DEFAULT CHARSET=utf8mb4 COLLATE=utf8mb4_unicode_ci;

--
-- Dumping data for table `finance_expenses`
--

INSERT INTO `finance_expenses` (`id`, `company_id`, `account_id`, `amount`, `category_id`, `description`, `payment_method_id`, `payee_id`, `expense_reference`, `expense_file`, `expense_date`, `created_at`, `updated_at`) VALUES
(1, NULL, 1, '750', NULL, NULL, NULL, NULL, 'Payroll', NULL, '2022-07-25', '2022-07-25 08:52:28', '2022-07-25 08:52:28'),
(2, NULL, 1, '500', NULL, NULL, NULL, NULL, 'Payroll', NULL, '2022-08-07', '2022-08-07 16:16:59', '2022-08-07 16:16:59');

-- --------------------------------------------------------

--
-- Table structure for table `finance_payees`
--

CREATE TABLE `finance_payees` (
  `id` bigint(20) UNSIGNED NOT NULL,
  `payee_name` varchar(50) COLLATE utf8mb4_unicode_ci NOT NULL,
  `contact_no` varchar(15) COLLATE utf8mb4_unicode_ci NOT NULL,
  `created_at` timestamp NULL DEFAULT NULL,
  `updated_at` timestamp NULL DEFAULT NULL
) ENGINE=InnoDB DEFAULT CHARSET=utf8mb4 COLLATE=utf8mb4_unicode_ci;

-- --------------------------------------------------------

--
-- Table structure for table `finance_payers`
--

CREATE TABLE `finance_payers` (
  `id` bigint(20) UNSIGNED NOT NULL,
  `payer_name` varchar(50) COLLATE utf8mb4_unicode_ci NOT NULL,
  `contact_no` varchar(15) COLLATE utf8mb4_unicode_ci NOT NULL,
  `created_at` timestamp NULL DEFAULT NULL,
  `updated_at` timestamp NULL DEFAULT NULL
) ENGINE=InnoDB DEFAULT CHARSET=utf8mb4 COLLATE=utf8mb4_unicode_ci;

-- --------------------------------------------------------

--
-- Table structure for table `finance_transactions`
--

CREATE TABLE `finance_transactions` (
  `id` bigint(20) UNSIGNED NOT NULL,
  `company_id` bigint(20) UNSIGNED DEFAULT NULL,
  `account_id` bigint(20) UNSIGNED DEFAULT NULL,
  `amount` varchar(30) COLLATE utf8mb4_unicode_ci NOT NULL,
  `category` varchar(30) COLLATE utf8mb4_unicode_ci NOT NULL,
  `category_id` bigint(20) UNSIGNED DEFAULT NULL,
  `description` mediumtext COLLATE utf8mb4_unicode_ci DEFAULT NULL,
  `payment_method_id` bigint(20) UNSIGNED DEFAULT NULL,
  `payee_id` bigint(20) UNSIGNED DEFAULT NULL,
  `payer_id` bigint(20) UNSIGNED DEFAULT NULL,
  `expense_reference` varchar(191) COLLATE utf8mb4_unicode_ci DEFAULT NULL,
  `expense_file` varchar(191) COLLATE utf8mb4_unicode_ci DEFAULT NULL,
  `expense_date` date DEFAULT NULL,
  `deposit_reference` varchar(191) COLLATE utf8mb4_unicode_ci DEFAULT NULL,
  `deposit_file` varchar(191) COLLATE utf8mb4_unicode_ci DEFAULT NULL,
  `deposit_date` date DEFAULT NULL,
  `created_at` timestamp NULL DEFAULT NULL,
  `updated_at` timestamp NULL DEFAULT NULL
) ENGINE=InnoDB DEFAULT CHARSET=utf8mb4 COLLATE=utf8mb4_unicode_ci;

--
-- Dumping data for table `finance_transactions`
--

INSERT INTO `finance_transactions` (`id`, `company_id`, `account_id`, `amount`, `category`, `category_id`, `description`, `payment_method_id`, `payee_id`, `payer_id`, `expense_reference`, `expense_file`, `expense_date`, `deposit_reference`, `deposit_file`, `deposit_date`, `created_at`, `updated_at`) VALUES
(1, NULL, 1, '750', '', NULL, NULL, NULL, NULL, NULL, 'Payroll', NULL, '2022-07-25', NULL, NULL, NULL, '2022-07-25 08:52:28', '2022-07-25 08:52:28'),
(2, NULL, 1, '500', '', NULL, NULL, NULL, NULL, NULL, 'Payroll', NULL, '2022-08-07', NULL, NULL, NULL, '2022-08-07 16:16:59', '2022-08-07 16:16:59');

-- --------------------------------------------------------

--
-- Table structure for table `finance_transfers`
--

CREATE TABLE `finance_transfers` (
  `id` bigint(20) UNSIGNED NOT NULL,
  `company_id` bigint(20) UNSIGNED DEFAULT NULL,
  `from_account_id` bigint(20) UNSIGNED DEFAULT NULL,
  `to_account_id` bigint(20) UNSIGNED DEFAULT NULL,
  `amount` varchar(30) COLLATE utf8mb4_unicode_ci NOT NULL,
  `reference` varchar(191) COLLATE utf8mb4_unicode_ci NOT NULL,
  `description` mediumtext COLLATE utf8mb4_unicode_ci DEFAULT NULL,
  `payment_method_id` bigint(20) UNSIGNED DEFAULT NULL,
  `date` date DEFAULT NULL,
  `created_at` timestamp NULL DEFAULT NULL,
  `updated_at` timestamp NULL DEFAULT NULL
) ENGINE=InnoDB DEFAULT CHARSET=utf8mb4 COLLATE=utf8mb4_unicode_ci;

-- --------------------------------------------------------

--
-- Table structure for table `general_settings`
--

CREATE TABLE `general_settings` (
  `id` int(10) UNSIGNED NOT NULL,
  `site_title` varchar(191) COLLATE utf8mb4_unicode_ci NOT NULL,
  `site_logo` varchar(191) COLLATE utf8mb4_unicode_ci DEFAULT NULL,
  `time_zone` varchar(191) COLLATE utf8mb4_unicode_ci DEFAULT NULL,
  `currency` varchar(191) COLLATE utf8mb4_unicode_ci DEFAULT NULL,
  `currency_format` varchar(191) COLLATE utf8mb4_unicode_ci DEFAULT NULL,
  `default_payment_bank` varchar(191) COLLATE utf8mb4_unicode_ci DEFAULT NULL,
  `date_format` varchar(191) COLLATE utf8mb4_unicode_ci DEFAULT NULL,
  `theme` varchar(191) COLLATE utf8mb4_unicode_ci DEFAULT NULL,
  `footer` varchar(191) COLLATE utf8mb4_unicode_ci DEFAULT NULL,
  `footer_link` varchar(191) COLLATE utf8mb4_unicode_ci DEFAULT NULL,
  `created_at` timestamp NULL DEFAULT NULL,
  `updated_at` timestamp NULL DEFAULT NULL
) ENGINE=InnoDB DEFAULT CHARSET=utf8mb4 COLLATE=utf8mb4_unicode_ci;

--
-- Dumping data for table `general_settings`
--

INSERT INTO `general_settings` (`id`, `site_title`, `site_logo`, `time_zone`, `currency`, `currency_format`, `default_payment_bank`, `date_format`, `theme`, `footer`, `footer_link`, `created_at`, `updated_at`) VALUES
(1, 'Black HRM', 'logo.png', 'Europe/Kirov', 'INR', 'prefix', '1', 'Y/m/d', 'default.css', 'SHARIQQ', 'https://www.shariqq.com', '2020-07-25 19:00:00', '2022-09-18 08:51:08');

-- --------------------------------------------------------

--
-- Table structure for table `goal_trackings`
--

CREATE TABLE `goal_trackings` (
  `id` bigint(20) UNSIGNED NOT NULL,
  `company_id` bigint(20) UNSIGNED NOT NULL,
  `goal_type_id` bigint(20) UNSIGNED NOT NULL,
  `subject` varchar(191) COLLATE utf8mb4_unicode_ci NOT NULL,
  `target_achievement` varchar(191) COLLATE utf8mb4_unicode_ci NOT NULL,
  `description` text COLLATE utf8mb4_unicode_ci DEFAULT NULL,
  `start_date` varchar(191) COLLATE utf8mb4_unicode_ci NOT NULL,
  `end_date` varchar(191) COLLATE utf8mb4_unicode_ci NOT NULL,
  `progress` int(11) NOT NULL,
  `status` varchar(191) COLLATE utf8mb4_unicode_ci DEFAULT NULL,
  `created_at` timestamp NULL DEFAULT NULL,
  `updated_at` timestamp NULL DEFAULT NULL
) ENGINE=InnoDB DEFAULT CHARSET=utf8mb4 COLLATE=utf8mb4_unicode_ci;

-- --------------------------------------------------------

--
-- Table structure for table `goal_types`
--

CREATE TABLE `goal_types` (
  `id` bigint(20) UNSIGNED NOT NULL,
  `goal_type` varchar(191) COLLATE utf8mb4_unicode_ci NOT NULL,
  `created_at` timestamp NULL DEFAULT NULL,
  `updated_at` timestamp NULL DEFAULT NULL
) ENGINE=InnoDB DEFAULT CHARSET=utf8mb4 COLLATE=utf8mb4_unicode_ci;

-- --------------------------------------------------------

--
-- Table structure for table `holidays`
--

CREATE TABLE `holidays` (
  `id` bigint(20) UNSIGNED NOT NULL,
  `event_name` varchar(191) COLLATE utf8mb4_unicode_ci NOT NULL,
  `description` mediumtext COLLATE utf8mb4_unicode_ci DEFAULT NULL,
  `company_id` bigint(20) UNSIGNED DEFAULT NULL,
  `department_id` bigint(20) UNSIGNED DEFAULT NULL,
  `start_date` date DEFAULT NULL,
  `end_date` date DEFAULT NULL,
  `is_publish` tinyint(4) DEFAULT NULL,
  `created_at` timestamp NULL DEFAULT NULL,
  `updated_at` timestamp NULL DEFAULT NULL
) ENGINE=InnoDB DEFAULT CHARSET=utf8mb4 COLLATE=utf8mb4_unicode_ci;

--
-- Dumping data for table `holidays`
--

INSERT INTO `holidays` (`id`, `event_name`, `description`, `company_id`, `department_id`, `start_date`, `end_date`, `is_publish`, `created_at`, `updated_at`) VALUES
(1, 'July firday', '', 1, NULL, '2022-07-08', '2022-07-08', 1, '2022-07-07 07:37:29', '2022-07-07 07:37:29');

-- --------------------------------------------------------

--
-- Table structure for table `indicators`
--

CREATE TABLE `indicators` (
  `id` bigint(20) UNSIGNED NOT NULL,
  `company_id` bigint(20) UNSIGNED NOT NULL,
  `designation_id` bigint(20) UNSIGNED NOT NULL,
  `department_id` bigint(20) UNSIGNED NOT NULL,
  `customer_experience` varchar(191) COLLATE utf8mb4_unicode_ci NOT NULL,
  `marketing` varchar(191) COLLATE utf8mb4_unicode_ci NOT NULL,
  `administrator` varchar(191) COLLATE utf8mb4_unicode_ci NOT NULL,
  `professionalism` varchar(191) COLLATE utf8mb4_unicode_ci NOT NULL,
  `integrity` varchar(191) COLLATE utf8mb4_unicode_ci NOT NULL,
  `attendance` varchar(191) COLLATE utf8mb4_unicode_ci NOT NULL,
  `added_by` varchar(191) COLLATE utf8mb4_unicode_ci NOT NULL,
  `created_at` timestamp NULL DEFAULT NULL,
  `updated_at` timestamp NULL DEFAULT NULL
) ENGINE=InnoDB DEFAULT CHARSET=utf8mb4 COLLATE=utf8mb4_unicode_ci;

-- --------------------------------------------------------

--
-- Table structure for table `invoices`
--

CREATE TABLE `invoices` (
  `id` bigint(20) UNSIGNED NOT NULL,
  `invoice_number` varchar(191) COLLATE utf8mb4_unicode_ci NOT NULL,
  `client_id` bigint(20) UNSIGNED DEFAULT NULL,
  `project_id` bigint(20) UNSIGNED DEFAULT NULL,
  `invoice_date` date NOT NULL,
  `invoice_due_date` date NOT NULL,
  `sub_total` double NOT NULL,
  `discount_type` tinyint(4) DEFAULT NULL,
  `discount_figure` double NOT NULL,
  `total_tax` double NOT NULL,
  `total_discount` double NOT NULL,
  `grand_total` double NOT NULL,
  `invoice_note` mediumtext COLLATE utf8mb4_unicode_ci DEFAULT NULL,
  `status` tinyint(4) DEFAULT NULL,
  `created_at` timestamp NULL DEFAULT NULL,
  `updated_at` timestamp NULL DEFAULT NULL
) ENGINE=InnoDB DEFAULT CHARSET=utf8mb4 COLLATE=utf8mb4_unicode_ci;

-- --------------------------------------------------------

--
-- Table structure for table `invoice_items`
--

CREATE TABLE `invoice_items` (
  `id` bigint(20) UNSIGNED NOT NULL,
  `invoice_id` bigint(20) UNSIGNED DEFAULT NULL,
  `project_id` bigint(20) UNSIGNED DEFAULT NULL,
  `item_name` varchar(191) COLLATE utf8mb4_unicode_ci NOT NULL,
  `item_tax_type` varchar(191) COLLATE utf8mb4_unicode_ci NOT NULL,
  `item_tax_rate` varchar(191) COLLATE utf8mb4_unicode_ci NOT NULL,
  `item_qty` bigint(20) NOT NULL DEFAULT 0,
  `item_unit_price` bigint(20) NOT NULL,
  `item_sub_total` double NOT NULL,
  `sub_total` double NOT NULL,
  `discount_type` tinyint(4) DEFAULT NULL,
  `discount_figure` double NOT NULL,
  `total_tax` double NOT NULL,
  `total_discount` double NOT NULL,
  `grand_total` double NOT NULL,
  `created_at` timestamp NULL DEFAULT NULL,
  `updated_at` timestamp NULL DEFAULT NULL
) ENGINE=InnoDB DEFAULT CHARSET=utf8mb4 COLLATE=utf8mb4_unicode_ci;

-- --------------------------------------------------------

--
-- Table structure for table `ip_settings`
--

CREATE TABLE `ip_settings` (
  `id` bigint(20) UNSIGNED NOT NULL,
  `name` varchar(191) COLLATE utf8mb4_unicode_ci NOT NULL,
  `ip_address` varchar(191) COLLATE utf8mb4_unicode_ci NOT NULL,
  `created_at` timestamp NULL DEFAULT NULL,
  `updated_at` timestamp NULL DEFAULT NULL
) ENGINE=InnoDB DEFAULT CHARSET=utf8mb4 COLLATE=utf8mb4_unicode_ci;

-- --------------------------------------------------------

--
-- Table structure for table `job_candidates`
--

CREATE TABLE `job_candidates` (
  `id` bigint(20) UNSIGNED NOT NULL,
  `job_id` bigint(20) UNSIGNED NOT NULL,
  `full_name` varchar(191) COLLATE utf8mb4_unicode_ci NOT NULL,
  `email` varchar(191) COLLATE utf8mb4_unicode_ci NOT NULL,
  `phone` varchar(191) COLLATE utf8mb4_unicode_ci NOT NULL,
  `address` text COLLATE utf8mb4_unicode_ci DEFAULT NULL,
  `cover_letter` longtext COLLATE utf8mb4_unicode_ci NOT NULL,
  `fb_id` varchar(191) COLLATE utf8mb4_unicode_ci DEFAULT NULL,
  `linkedin_id` varchar(191) COLLATE utf8mb4_unicode_ci DEFAULT NULL,
  `cv` varchar(191) COLLATE utf8mb4_unicode_ci NOT NULL,
  `status` varchar(191) COLLATE utf8mb4_unicode_ci NOT NULL,
  `remarks` varchar(191) COLLATE utf8mb4_unicode_ci NOT NULL,
  `created_at` timestamp NULL DEFAULT NULL,
  `updated_at` timestamp NULL DEFAULT NULL
) ENGINE=InnoDB DEFAULT CHARSET=utf8mb4 COLLATE=utf8mb4_unicode_ci;

-- --------------------------------------------------------

--
-- Table structure for table `job_categories`
--

CREATE TABLE `job_categories` (
  `id` bigint(20) UNSIGNED NOT NULL,
  `job_category` mediumtext COLLATE utf8mb4_unicode_ci NOT NULL,
  `url` char(36) COLLATE utf8mb4_unicode_ci NOT NULL
) ENGINE=InnoDB DEFAULT CHARSET=utf8mb4 COLLATE=utf8mb4_unicode_ci;

-- --------------------------------------------------------

--
-- Table structure for table `job_interviews`
--

CREATE TABLE `job_interviews` (
  `id` bigint(20) UNSIGNED NOT NULL,
  `job_id` bigint(20) UNSIGNED NOT NULL,
  `added_by` bigint(20) UNSIGNED DEFAULT NULL,
  `interview_place` varchar(191) COLLATE utf8mb4_unicode_ci NOT NULL,
  `interview_date` date NOT NULL,
  `interview_time` time NOT NULL,
  `description` longtext COLLATE utf8mb4_unicode_ci NOT NULL,
  `created_at` timestamp NULL DEFAULT NULL,
  `updated_at` timestamp NULL DEFAULT NULL
) ENGINE=InnoDB DEFAULT CHARSET=utf8mb4 COLLATE=utf8mb4_unicode_ci;

-- --------------------------------------------------------

--
-- Table structure for table `job_posts`
--

CREATE TABLE `job_posts` (
  `id` bigint(20) UNSIGNED NOT NULL,
  `company_id` bigint(20) UNSIGNED NOT NULL,
  `job_category_id` bigint(20) UNSIGNED NOT NULL,
  `job_title` varchar(191) COLLATE utf8mb4_unicode_ci NOT NULL,
  `job_type` varchar(191) COLLATE utf8mb4_unicode_ci NOT NULL,
  `no_of_vacancy` int(11) NOT NULL,
  `job_url` varchar(191) COLLATE utf8mb4_unicode_ci NOT NULL,
  `gender` varchar(30) COLLATE utf8mb4_unicode_ci NOT NULL,
  `min_experience` varchar(20) COLLATE utf8mb4_unicode_ci NOT NULL,
  `short_description` mediumtext COLLATE utf8mb4_unicode_ci NOT NULL,
  `long_description` longtext COLLATE utf8mb4_unicode_ci NOT NULL,
  `closing_date` date NOT NULL,
  `status` tinyint(4) NOT NULL,
  `is_featured` tinyint(4) NOT NULL,
  `created_at` timestamp NULL DEFAULT NULL,
  `updated_at` timestamp NULL DEFAULT NULL
) ENGINE=InnoDB DEFAULT CHARSET=utf8mb4 COLLATE=utf8mb4_unicode_ci;

-- --------------------------------------------------------

--
-- Table structure for table `leaves`
--

CREATE TABLE `leaves` (
  `id` bigint(20) UNSIGNED NOT NULL,
  `leave_type_id` bigint(20) UNSIGNED DEFAULT NULL,
  `company_id` bigint(20) UNSIGNED NOT NULL,
  `department_id` bigint(20) UNSIGNED NOT NULL,
  `employee_id` bigint(20) UNSIGNED DEFAULT NULL,
  `start_date` date NOT NULL,
  `end_date` date NOT NULL,
  `total_days` int(11) NOT NULL,
  `leave_reason` mediumtext COLLATE utf8mb4_unicode_ci DEFAULT NULL,
  `remarks` varchar(191) COLLATE utf8mb4_unicode_ci DEFAULT NULL,
  `status` varchar(40) COLLATE utf8mb4_unicode_ci NOT NULL,
  `is_half` tinyint(4) DEFAULT 0,
  `is_notify` tinyint(4) DEFAULT 0,
  `created_at` timestamp NULL DEFAULT NULL,
  `updated_at` timestamp NULL DEFAULT NULL
) ENGINE=InnoDB DEFAULT CHARSET=utf8mb4 COLLATE=utf8mb4_unicode_ci;

-- --------------------------------------------------------

--
-- Table structure for table `leave_types`
--

CREATE TABLE `leave_types` (
  `id` bigint(20) UNSIGNED NOT NULL,
  `leave_type` varchar(50) COLLATE utf8mb4_unicode_ci NOT NULL,
  `allocated_day` int(11) DEFAULT NULL,
  `company_id` bigint(20) UNSIGNED DEFAULT NULL,
  `created_at` timestamp NULL DEFAULT NULL,
  `updated_at` timestamp NULL DEFAULT NULL
) ENGINE=InnoDB DEFAULT CHARSET=utf8mb4 COLLATE=utf8mb4_unicode_ci;

--
-- Dumping data for table `leave_types`
--

INSERT INTO `leave_types` (`id`, `leave_type`, `allocated_day`, `company_id`, `created_at`, `updated_at`) VALUES
(1, 'Manual', NULL, NULL, '2022-03-23 09:02:46', '2022-03-23 09:02:46');

-- --------------------------------------------------------

--
-- Table structure for table `locations`
--

CREATE TABLE `locations` (
  `id` bigint(20) UNSIGNED NOT NULL,
  `location_name` varchar(191) COLLATE utf8mb4_unicode_ci NOT NULL,
  `location_head` bigint(20) UNSIGNED DEFAULT NULL,
  `address1` varchar(191) COLLATE utf8mb4_unicode_ci DEFAULT NULL,
  `address2` varchar(191) COLLATE utf8mb4_unicode_ci DEFAULT NULL,
  `city` varchar(191) COLLATE utf8mb4_unicode_ci DEFAULT NULL,
  `state` varchar(191) COLLATE utf8mb4_unicode_ci DEFAULT NULL,
  `country` int(10) UNSIGNED DEFAULT NULL,
  `zip` int(11) DEFAULT NULL,
  `created_at` timestamp NULL DEFAULT NULL,
  `updated_at` timestamp NULL DEFAULT NULL
) ENGINE=InnoDB DEFAULT CHARSET=utf8mb4 COLLATE=utf8mb4_unicode_ci;

--
-- Dumping data for table `locations`
--

INSERT INTO `locations` (`id`, `location_name`, `location_head`, `address1`, `address2`, `city`, `state`, `country`, `zip`, `created_at`, `updated_at`) VALUES
(1, 'Mumbai', NULL, 'Doctor Street', '', 'Mumbai', 'Maharashtra', 99, 4141414, '2022-03-26 04:56:54', '2022-03-26 04:56:54');

-- --------------------------------------------------------

--
-- Table structure for table `meetings`
--

CREATE TABLE `meetings` (
  `id` bigint(20) UNSIGNED NOT NULL,
  `company_id` bigint(20) UNSIGNED NOT NULL,
  `meeting_title` varchar(191) COLLATE utf8mb4_unicode_ci NOT NULL,
  `meeting_note` mediumtext COLLATE utf8mb4_unicode_ci NOT NULL,
  `meeting_date` date NOT NULL,
  `meeting_time` varchar(191) COLLATE utf8mb4_unicode_ci NOT NULL,
  `status` varchar(30) COLLATE utf8mb4_unicode_ci NOT NULL,
  `is_notify` tinyint(4) DEFAULT 0,
  `created_at` timestamp NULL DEFAULT NULL,
  `updated_at` timestamp NULL DEFAULT NULL
) ENGINE=InnoDB DEFAULT CHARSET=utf8mb4 COLLATE=utf8mb4_unicode_ci;

-- --------------------------------------------------------

--
-- Table structure for table `migrations`
--

CREATE TABLE `migrations` (
  `id` int(10) UNSIGNED NOT NULL,
  `migration` varchar(191) COLLATE utf8mb4_unicode_ci NOT NULL,
  `batch` int(11) NOT NULL
) ENGINE=InnoDB DEFAULT CHARSET=utf8mb4 COLLATE=utf8mb4_unicode_ci;

--
-- Dumping data for table `migrations`
--

INSERT INTO `migrations` (`id`, `migration`, `batch`) VALUES
(1, '2014_10_12_100000_create_password_resets_table', 1),
(2, '2019_08_19_000000_create_failed_jobs_table', 1),
(3, '2020_02_09_103616_create_role_users_table', 1),
(4, '2020_02_10_00000_create_users_table', 1),
(5, '2020_02_12_091317_create_locations_table', 1),
(6, '2020_02_12_091344_create_companies_table', 1),
(7, '2020_02_12_091353_create_departments_table', 1),
(8, '2020_02_12_091742_create_statuses_table', 1),
(9, '2020_02_12_091824_create_office_shifts_table', 1),
(10, '2020_02_12_091936_create_designations_table', 1),
(11, '2020_02_12_092121_create_leave_types_table', 1),
(12, '2020_02_13_100750_create_employees_table', 1),
(13, '2020_02_14_092309_create_leaves_table', 1),
(14, '2020_02_20_115449_create_general_settings_table', 1),
(15, '2020_02_23_054028_create_permission_tables', 1),
(16, '2020_02_23_184712_add_columns_to_permission_table', 1),
(17, '2020_03_19_132718_add_employee_id_on_locations_table', 2),
(18, '2020_03_20_162201_create_announcements_table', 2),
(19, '2020_03_20_201357_create_policies_table', 2),
(20, '2020_03_22_113701_create_holidays_table', 2),
(21, '2020_03_23_100213_create_award_types_table', 3),
(22, '2020_03_23_100248_create_awards_table', 3),
(23, '2020_03_23_123604_create_transfers_table', 3),
(24, '2020_03_23_144135_create_resignations_table', 3),
(25, '2020_03_23_150510_create_travel_types_table', 3),
(26, '2020_03_23_152610_create_travels_table', 3),
(27, '2020_03_23_154228_create_promotions_table', 3),
(28, '2020_03_23_194844_create_complaints_table', 3),
(29, '2020_03_24_134301_create_warnings_type_table', 3),
(30, '2020_03_24_134304_create_warnings_table', 3),
(31, '2020_03_24_143012_create_termination_types_table', 3),
(32, '2020_03_24_143038_create_terminations_table', 3),
(33, '2020_04_06_185530_create_training_types_table', 3),
(34, '2020_04_06_190352_create_trainers_table', 3),
(35, '2020_04_07_083717_create_training_lists_table', 3),
(36, '2020_04_07_103503_create_employee_training_list_table', 3),
(37, '2020_04_08_095050_create_events_table', 3),
(38, '2020_04_08_163144_create_meetings_table', 3),
(39, '2020_04_08_163906_create_employee_meeting_table', 3),
(40, '2020_05_05_212429_create_document_types_table', 3),
(41, '2020_04_09_063646_create_finance_bank_cashes_table', 4),
(42, '2020_04_09_154642_create_finance_payees_table', 4),
(43, '2020_04_09_201357_create_finance_payers_table', 4),
(44, '2020_04_10_064405_create_payment_methods_table', 4),
(45, '2020_04_10_094429_create_expense_types_table', 4),
(46, '2020_04_10_121829_create_finance_deposits_table', 4),
(47, '2020_04_11_084040_create_finance_expenses_table', 4),
(48, '2020_04_11_164442_create_finance_transactions_table', 4),
(49, '2020_04_13_071336_create_finance_transfers_table', 4),
(50, '2020_04_13_135659_create_asset_categories_table', 5),
(51, '2020_04_13_160310_create_assets_table', 5),
(52, '2020_04_15_103730_create_file_manager_settings_table', 5),
(53, '2020_04_15_193003_create_file_managers_table', 5),
(54, '2020_04_18_094856_create_support_tickets_table', 5),
(55, '2020_04_21_052227_create_ticket_comments_table', 5),
(56, '2020_04_21_172758_create_employee_support_ticket_table', 5),
(57, '2020_04_24_070148_create_countries_table', 5),
(58, '2020_04_24_071350_create_clients_table', 5),
(59, '2020_04_25_083125_create_projects_table', 5),
(60, '2020_04_25_092544_create_employee_project_table', 5),
(61, '2020_04_27_132031_create_project_discussions_table', 5),
(62, '2020_04_27_202219_create_project_bugs_table', 5),
(63, '2020_04_28_095459_create_project_files_table', 5),
(64, '2020_04_28_172850_create_tasks_table', 5),
(65, '2020_04_28_183034_create_employee_task_table', 5),
(66, '2020_04_29_164820_create_task_discussions_table', 5),
(67, '2020_04_29_185015_create_task_files_table', 5),
(68, '2020_05_01_093124_create_tax_types_table', 5),
(69, '2020_05_02_100902_create_invoices_table', 5),
(70, '2020_05_02_110310_create_invoice_items_table', 5),
(71, '2020_05_06_085438_create_employee_immigrations_table', 6),
(72, '2020_05_07_191655_create_employee_contacts_table', 6),
(73, '2020_05_08_181821_create_employee_documents_table', 6),
(74, '2020_05_12_200437_create_qualification_education_levels_table', 6),
(75, '2020_05_16_204859_create_qualification_languages_table', 6),
(76, '2020_05_17_181817_create_qualification_skills_table', 6),
(77, '2020_05_17_191414_create_employee_qualificaitons_table', 6),
(78, '2020_05_18_191844_create_employee_work_experience_table', 6),
(79, '2020_05_19_170527_create_employee_bank_accounts_table', 6),
(80, '2020_05_22_201218_create_salary_allowances_table', 6),
(81, '2020_05_23_184036_create_salary_commissions_table', 6),
(82, '2020_05_24_085740_create_salary_deductions_table', 6),
(83, '2020_05_24_103950_create_salary_other_payments_table', 6),
(84, '2020_05_24_163618_create_salary_overtimes_table', 6),
(85, '2020_05_26_134431_create_salary_loans_table', 6),
(86, '2020_06_11_104501_create_payslips_table', 7),
(87, '2020_06_17_055449_create_calendarables_table', 7),
(88, '2020_06_19_083329_create_job_categories_table', 7),
(89, '2020_06_19_152528_create_job_employers_table', 7),
(90, '2020_06_22_052056_create_attendances_table', 7),
(91, '2020_07_05_010713_create_job_posts_table', 7),
(92, '2020_07_06_162706_create_job_candidates_table', 7),
(93, '2020_07_07_144320_create_job_interviews_table', 7),
(94, '2020_07_07_160007_create_candidate_interview_table', 7),
(95, '2020_07_07_160428_create_employee_interview_table', 7),
(96, '2020_07_25_003500_create_official_documents_table', 7),
(97, '2020_04_18_203257_create_notifications_table', 8),
(98, '2020_10_16_202848_create_c_m_s_table', 9),
(99, '2018_08_29_200844_create_languages_table', 10),
(100, '2018_08_29_205156_create_translations_table', 10),
(101, '2021_01_08_072901_create_goal_types_table', 10),
(102, '2021_01_08_165133_create_indicators_table', 10),
(103, '2021_01_09_081319_create_appraisals_table', 10),
(104, '2021_01_10_080158_create_goal_trackings_table', 10),
(105, '2021_03_28_184255_create_ip_settings_table', 11),
(106, '2021_04_05_103029_create_salary_basics_table', 12);

-- --------------------------------------------------------

--
-- Table structure for table `model_has_permissions`
--

CREATE TABLE `model_has_permissions` (
  `permission_id` bigint(20) UNSIGNED NOT NULL,
  `model_type` varchar(191) COLLATE utf8mb4_unicode_ci NOT NULL,
  `model_id` bigint(20) UNSIGNED NOT NULL
) ENGINE=InnoDB DEFAULT CHARSET=utf8mb4 COLLATE=utf8mb4_unicode_ci;

-- --------------------------------------------------------

--
-- Table structure for table `model_has_roles`
--

CREATE TABLE `model_has_roles` (
  `role_id` bigint(20) UNSIGNED NOT NULL,
  `model_type` varchar(191) COLLATE utf8mb4_unicode_ci NOT NULL,
  `model_id` bigint(20) UNSIGNED NOT NULL
) ENGINE=InnoDB DEFAULT CHARSET=utf8mb4 COLLATE=utf8mb4_unicode_ci;

--
-- Dumping data for table `model_has_roles`
--

INSERT INTO `model_has_roles` (`role_id`, `model_type`, `model_id`) VALUES
(1, 'App\\User', 1),
(1, 'App\\User', 8),
(1, 'App\\User', 28),
(1, 'App\\User', 29),
(1, 'App\\User', 30),
(2, 'App\\User', 24),
(2, 'App\\User', 25),
(2, 'App\\User', 31),
(2, 'App\\User', 32),
(2, 'App\\User', 33),
(2, 'App\\User', 36),
(2, 'App\\User', 37),
(2, 'App\\User', 40),
(2, 'App\\User', 41),
(2, 'App\\User', 42),
(2, 'App\\User', 44),
(2, 'App\\User', 46),
(2, 'App\\User', 47),
(2, 'App\\User', 48),
(2, 'App\\User', 49),
(4, 'App\\User', 23),
(4, 'App\\User', 26),
(5, 'App\\User', 21),
(5, 'App\\User', 22);

-- --------------------------------------------------------

--
-- Table structure for table `notifications`
--

CREATE TABLE `notifications` (
  `id` char(36) COLLATE utf8mb4_unicode_ci NOT NULL,
  `type` varchar(191) COLLATE utf8mb4_unicode_ci NOT NULL,
  `notifiable_type` varchar(191) COLLATE utf8mb4_unicode_ci NOT NULL,
  `notifiable_id` bigint(20) UNSIGNED NOT NULL,
  `data` text COLLATE utf8mb4_unicode_ci NOT NULL,
  `read_at` timestamp NULL DEFAULT NULL,
  `created_at` timestamp NULL DEFAULT NULL,
  `updated_at` timestamp NULL DEFAULT NULL
) ENGINE=InnoDB DEFAULT CHARSET=utf8mb4 COLLATE=utf8mb4_unicode_ci;

--
-- Dumping data for table `notifications`
--

INSERT INTO `notifications` (`id`, `type`, `notifiable_type`, `notifiable_id`, `data`, `read_at`, `created_at`, `updated_at`) VALUES
('d53fbd9d-d3a6-4c6f-b733-0763027e2b98', 'App\\Notifications\\AnnouncementPublished', 'App\\User', 48, '{\"data\":\"A new announcement has been published\",\"link\":\"http:\\/\\/localhost\\/public\\/shariqq\\/powerpeople_hrm_allinone\\/organization\\/announcements\"}', '2022-08-07 16:03:09', '2022-07-07 07:34:39', '2022-08-07 16:03:09'),
('f56399ff-011d-40f6-8c9a-b5c6d21a27c7', 'App\\Notifications\\AnnouncementPublished', 'App\\User', 49, '{\"data\":\"A new announcement has been published\",\"link\":\"http:\\/\\/localhost\\/public\\/shariqq\\/powerpeople_hrm_allinone\\/organization\\/announcements\"}', '2022-07-07 07:40:39', '2022-07-07 07:34:39', '2022-07-07 07:40:39');

-- --------------------------------------------------------

--
-- Table structure for table `office_shifts`
--

CREATE TABLE `office_shifts` (
  `id` bigint(20) UNSIGNED NOT NULL,
  `shift_name` varchar(191) COLLATE utf8mb4_unicode_ci NOT NULL,
  `default_shift` varchar(191) COLLATE utf8mb4_unicode_ci DEFAULT NULL,
  `company_id` bigint(20) UNSIGNED NOT NULL,
  `sunday_in` varchar(191) COLLATE utf8mb4_unicode_ci DEFAULT NULL,
  `sunday_out` varchar(191) COLLATE utf8mb4_unicode_ci DEFAULT NULL,
  `saturday_in` varchar(191) COLLATE utf8mb4_unicode_ci DEFAULT NULL,
  `saturday_out` varchar(191) COLLATE utf8mb4_unicode_ci DEFAULT NULL,
  `friday_in` varchar(191) COLLATE utf8mb4_unicode_ci DEFAULT NULL,
  `friday_out` varchar(191) COLLATE utf8mb4_unicode_ci DEFAULT NULL,
  `thursday_in` varchar(191) COLLATE utf8mb4_unicode_ci DEFAULT NULL,
  `thursday_out` varchar(191) COLLATE utf8mb4_unicode_ci DEFAULT NULL,
  `wednesday_in` varchar(191) COLLATE utf8mb4_unicode_ci DEFAULT NULL,
  `wednesday_out` varchar(191) COLLATE utf8mb4_unicode_ci DEFAULT NULL,
  `tuesday_in` varchar(191) COLLATE utf8mb4_unicode_ci DEFAULT NULL,
  `tuesday_out` varchar(191) COLLATE utf8mb4_unicode_ci DEFAULT NULL,
  `monday_in` varchar(191) COLLATE utf8mb4_unicode_ci DEFAULT NULL,
  `monday_out` varchar(191) COLLATE utf8mb4_unicode_ci DEFAULT NULL,
  `created_at` timestamp NULL DEFAULT NULL,
  `updated_at` timestamp NULL DEFAULT NULL
) ENGINE=InnoDB DEFAULT CHARSET=utf8mb4 COLLATE=utf8mb4_unicode_ci;

--
-- Dumping data for table `office_shifts`
--

INSERT INTO `office_shifts` (`id`, `shift_name`, `default_shift`, `company_id`, `sunday_in`, `sunday_out`, `saturday_in`, `saturday_out`, `friday_in`, `friday_out`, `thursday_in`, `thursday_out`, `wednesday_in`, `wednesday_out`, `tuesday_in`, `tuesday_out`, `monday_in`, `monday_out`, `created_at`, `updated_at`) VALUES
(1, 'Full time', NULL, 1, '', '', '', '', '', '', '', '', '', '', '', '', '09:30PM', '12:00PM', '2022-05-04 06:09:15', '2022-05-04 06:09:15');

-- --------------------------------------------------------

--
-- Table structure for table `official_documents`
--

CREATE TABLE `official_documents` (
  `id` bigint(20) UNSIGNED NOT NULL,
  `company_id` bigint(20) UNSIGNED DEFAULT NULL,
  `document_type_id` bigint(20) UNSIGNED DEFAULT NULL,
  `added_by` bigint(20) UNSIGNED DEFAULT NULL,
  `document_title` varchar(191) COLLATE utf8mb4_unicode_ci NOT NULL,
  `identification_number` varchar(191) COLLATE utf8mb4_unicode_ci NOT NULL,
  `description` mediumtext COLLATE utf8mb4_unicode_ci DEFAULT NULL,
  `document_file` varchar(191) COLLATE utf8mb4_unicode_ci DEFAULT NULL,
  `expiry_date` date NOT NULL,
  `is_notify` tinyint(4) DEFAULT NULL,
  `created_at` timestamp NULL DEFAULT NULL,
  `updated_at` timestamp NULL DEFAULT NULL
) ENGINE=InnoDB DEFAULT CHARSET=utf8mb4 COLLATE=utf8mb4_unicode_ci;

-- --------------------------------------------------------

--
-- Table structure for table `password_resets`
--

CREATE TABLE `password_resets` (
  `email` varchar(191) COLLATE utf8mb4_unicode_ci NOT NULL,
  `token` varchar(191) COLLATE utf8mb4_unicode_ci NOT NULL,
  `created_at` timestamp NULL DEFAULT NULL
) ENGINE=InnoDB DEFAULT CHARSET=utf8mb4 COLLATE=utf8mb4_unicode_ci;

--
-- Dumping data for table `password_resets`
--

INSERT INTO `password_resets` (`email`, `token`, `created_at`) VALUES
('new@gmail.com', '$2y$10$day4AQ4g8sFvMwhMrTxpJuLXZCpVF2IK9kVS.6qZxeR6b7CVt2eGy', '2020-10-06 04:22:35');

-- --------------------------------------------------------

--
-- Table structure for table `payment_methods`
--

CREATE TABLE `payment_methods` (
  `id` bigint(20) UNSIGNED NOT NULL,
  `company_id` bigint(20) UNSIGNED DEFAULT NULL,
  `method_name` varchar(40) COLLATE utf8mb4_unicode_ci NOT NULL,
  `payment_percentage` varchar(100) COLLATE utf8mb4_unicode_ci DEFAULT NULL,
  `account_number` varchar(100) COLLATE utf8mb4_unicode_ci DEFAULT NULL,
  `created_at` timestamp NULL DEFAULT NULL,
  `updated_at` timestamp NULL DEFAULT NULL
) ENGINE=InnoDB DEFAULT CHARSET=utf8mb4 COLLATE=utf8mb4_unicode_ci;

-- --------------------------------------------------------

--
-- Table structure for table `payslips`
--

CREATE TABLE `payslips` (
  `id` bigint(20) UNSIGNED NOT NULL,
  `payslip_key` char(36) COLLATE utf8mb4_unicode_ci NOT NULL,
  `payslip_number` varchar(191) COLLATE utf8mb4_unicode_ci DEFAULT NULL,
  `employee_id` bigint(20) UNSIGNED NOT NULL,
  `company_id` bigint(20) UNSIGNED NOT NULL,
  `payment_type` varchar(191) COLLATE utf8mb4_unicode_ci NOT NULL,
  `basic_salary` double NOT NULL,
  `net_salary` double NOT NULL,
  `allowances` text COLLATE utf8mb4_unicode_ci NOT NULL,
  `commissions` text COLLATE utf8mb4_unicode_ci NOT NULL,
  `loans` text COLLATE utf8mb4_unicode_ci NOT NULL,
  `deductions` text COLLATE utf8mb4_unicode_ci NOT NULL,
  `overtimes` text COLLATE utf8mb4_unicode_ci NOT NULL,
  `other_payments` text COLLATE utf8mb4_unicode_ci NOT NULL,
  `pension_type` varchar(50) COLLATE utf8mb4_unicode_ci DEFAULT NULL,
  `pension_amount` double NOT NULL,
  `hours_worked` int(11) NOT NULL,
  `status` tinyint(4) NOT NULL,
  `month_year` varchar(15) COLLATE utf8mb4_unicode_ci NOT NULL,
  `created_at` timestamp NULL DEFAULT NULL,
  `updated_at` timestamp NULL DEFAULT NULL
) ENGINE=InnoDB DEFAULT CHARSET=utf8mb4 COLLATE=utf8mb4_unicode_ci;

--
-- Dumping data for table `payslips`
--

INSERT INTO `payslips` (`id`, `payslip_key`, `payslip_number`, `employee_id`, `company_id`, `payment_type`, `basic_salary`, `net_salary`, `allowances`, `commissions`, `loans`, `deductions`, `overtimes`, `other_payments`, `pension_type`, `pension_amount`, `hours_worked`, `status`, `month_year`, `created_at`, `updated_at`) VALUES
(1, 'pWM75xAUB4LJAjzfEoLp', '4294817523', 49, 1, 'Monthly', 500, 750, '[]', '[]', '[]', '[]', '[{\"id\":1,\"employee_id\":49,\"month_year\":\"July-2022\",\"first_date\":\"2022-07-01\",\"overtime_title\":\"Web development project\",\"no_of_days\":\"5\",\"overtime_hours\":\"10\",\"overtime_rate\":\"25\",\"overtime_amount\":\"250\",\"created_at\":\"2022-07-07 13:00:21\",\"updated_at\":\"2022-07-07 13:00:21\"}]', '[]', NULL, 0, 0, 1, 'July-2022', '2022-07-25 08:52:28', '2022-07-25 08:52:28'),
(2, 'aurHq4pqA4vnUBvbvxuH', '8780448986', 48, 1, 'Monthly', 500, 500, '[]', '[]', '[]', '[]', '[]', '[]', NULL, 0, 0, 1, 'August-2022', '2022-08-07 16:17:00', '2022-08-07 16:17:00');

-- --------------------------------------------------------

--
-- Table structure for table `permissions`
--

CREATE TABLE `permissions` (
  `id` bigint(20) UNSIGNED NOT NULL,
  `name` varchar(191) COLLATE utf8mb4_unicode_ci NOT NULL,
  `guard_name` varchar(191) COLLATE utf8mb4_unicode_ci NOT NULL,
  `created_at` timestamp NULL DEFAULT NULL,
  `updated_at` timestamp NULL DEFAULT NULL
) ENGINE=InnoDB DEFAULT CHARSET=utf8mb4 COLLATE=utf8mb4_unicode_ci;

--
-- Dumping data for table `permissions`
--

INSERT INTO `permissions` (`id`, `name`, `guard_name`, `created_at`, `updated_at`) VALUES
(1, 'user', 'web', NULL, NULL),
(2, 'view-user', 'web', NULL, NULL),
(3, 'edit-user', 'web', NULL, NULL),
(4, 'delete-user', 'web', NULL, NULL),
(5, 'last-login-user', 'web', NULL, NULL),
(6, 'role-access-user', 'web', NULL, NULL),
(7, 'details-employee', 'web', NULL, NULL),
(8, 'view-details-employee', 'web', NULL, NULL),
(9, 'store-details-employee', 'web', NULL, NULL),
(10, 'modify-details-employee', 'web', NULL, NULL),
(11, 'customize-setting', 'web', NULL, NULL),
(12, 'role-access', 'web', NULL, NULL),
(13, 'general-setting', 'web', NULL, NULL),
(14, 'view-general-setting', 'web', NULL, NULL),
(15, 'store-general-setting', 'web', NULL, NULL),
(16, 'mail-setting', 'web', NULL, NULL),
(17, 'view-mail-setting', 'web', NULL, NULL),
(18, 'store-mail-setting', 'web', NULL, NULL),
(19, 'language-setting', 'web', NULL, NULL),
(20, 'core_hr', 'web', NULL, NULL),
(21, 'view-calendar', 'web', NULL, NULL),
(22, 'promotion', 'web', NULL, NULL),
(23, 'view-promotion', 'web', NULL, NULL),
(24, 'store-promotion', 'web', NULL, NULL),
(25, 'edit-promotion', 'web', NULL, NULL),
(26, 'delete-promotion', 'web', NULL, NULL),
(27, 'award', 'web', NULL, NULL),
(28, 'view-award', 'web', NULL, NULL),
(29, 'store-award', 'web', NULL, NULL),
(30, 'edit-award', 'web', NULL, NULL),
(31, 'delete-award', 'web', NULL, NULL),
(32, 'transfer', 'web', NULL, NULL),
(33, 'view-transfer', 'web', NULL, NULL),
(34, 'store-transfer', 'web', NULL, NULL),
(35, 'edit-transfer', 'web', NULL, NULL),
(36, 'delete-transfer', 'web', NULL, NULL),
(37, 'travel', 'web', NULL, NULL),
(38, 'view-travel', 'web', NULL, NULL),
(39, 'store-travel', 'web', NULL, NULL),
(40, 'edit-travel', 'web', NULL, NULL),
(41, 'delete-travel', 'web', NULL, NULL),
(42, 'resignation', 'web', NULL, NULL),
(43, 'view-resignation', 'web', NULL, NULL),
(44, 'store-resignation', 'web', NULL, NULL),
(45, 'edit-resignation', 'web', NULL, NULL),
(46, 'delete-resignation', 'web', NULL, NULL),
(47, 'complaint', 'web', NULL, NULL),
(48, 'view-complaint', 'web', NULL, NULL),
(49, 'store-complaint', 'web', NULL, NULL),
(50, 'edit-complaint', 'web', NULL, NULL),
(51, 'delete-complaint', 'web', NULL, NULL),
(52, 'warning', 'web', NULL, NULL),
(53, 'view-warning', 'web', NULL, NULL),
(54, 'store-warning', 'web', NULL, NULL),
(55, 'edit-warning', 'web', NULL, NULL),
(56, 'delete-warning', 'web', NULL, NULL),
(57, 'termination', 'web', NULL, NULL),
(58, 'view-termination', 'web', NULL, NULL),
(59, 'store-termination', 'web', NULL, NULL),
(60, 'edit-termination', 'web', NULL, NULL),
(61, 'delete-termination', 'web', NULL, NULL),
(62, 'timesheet', 'web', NULL, NULL),
(63, 'attendance', 'web', NULL, NULL),
(64, 'view-attendance', 'web', NULL, NULL),
(65, 'edit-attendance', 'web', NULL, NULL),
(66, 'office_shift', 'web', NULL, NULL),
(67, 'view-office_shift', 'web', NULL, NULL),
(68, 'store-office_shift', 'web', NULL, NULL),
(69, 'edit-office_shift', 'web', NULL, NULL),
(70, 'delete-office_shift', 'web', NULL, NULL),
(71, 'holiday', 'web', NULL, NULL),
(72, 'view-holiday', 'web', NULL, NULL),
(73, 'store-holiday', 'web', NULL, NULL),
(74, 'edit-holiday', 'web', NULL, NULL),
(75, 'delete-holiday', 'web', NULL, NULL),
(76, 'leave', 'web', NULL, NULL),
(77, 'view-holiday', 'web', NULL, NULL),
(78, 'store-holiday', 'web', NULL, NULL),
(79, 'edit-holiday', 'web', NULL, NULL),
(80, 'delete-holiday', 'web', NULL, NULL),
(81, 'payment-module', 'web', NULL, NULL),
(82, 'view-payslip', 'web', NULL, NULL),
(83, 'make-payment', 'web', NULL, NULL),
(84, 'make-bulk_payment', 'web', NULL, NULL),
(85, 'view-paylist', 'web', NULL, NULL),
(86, 'set-salary', 'web', NULL, NULL),
(87, 'hr_report', 'web', NULL, NULL),
(88, 'report-payslip', 'web', NULL, NULL),
(89, 'report-attendance', 'web', NULL, NULL),
(90, 'report-training', 'web', NULL, NULL),
(91, 'report-project', 'web', NULL, NULL),
(92, 'report-task', 'web', NULL, NULL),
(93, 'report-employee', 'web', NULL, NULL),
(94, 'report-account', 'web', NULL, NULL),
(95, 'report-deposit', 'web', NULL, NULL),
(96, 'report-expense', 'web', NULL, NULL),
(97, 'report-transaction', 'web', NULL, NULL),
(98, 'recruitment', 'web', NULL, NULL),
(99, 'job_employer', 'web', NULL, NULL),
(100, 'view-job_employer', 'web', NULL, NULL),
(101, 'store-job_employer', 'web', NULL, NULL),
(102, 'edit-job_employer', 'web', NULL, NULL),
(103, 'delete-job_employer', 'web', NULL, NULL),
(104, 'job_post', 'web', NULL, NULL),
(105, 'view-job_post', 'web', NULL, NULL),
(106, 'store-job_post', 'web', NULL, NULL),
(107, 'edit-job_post', 'web', NULL, NULL),
(108, 'delete-job_post', 'web', NULL, NULL),
(109, 'job_candidate', 'web', NULL, NULL),
(110, 'view-job_candidate', 'web', NULL, NULL),
(111, 'store-job_candidate', 'web', NULL, NULL),
(112, 'delete-job_candidate', 'web', NULL, NULL),
(113, 'job_interview', 'web', NULL, NULL),
(114, 'view-job_interview', 'web', NULL, NULL),
(115, 'store-job_interview', 'web', NULL, NULL),
(116, 'delete-job_interview', 'web', NULL, NULL),
(117, 'project-management', 'web', NULL, NULL),
(118, 'project', 'web', NULL, NULL),
(119, 'view-project', 'web', NULL, NULL),
(120, 'store-project', 'web', NULL, NULL),
(121, 'edit-project', 'web', NULL, NULL),
(122, 'delete-project', 'web', NULL, NULL),
(123, 'task', 'web', NULL, NULL),
(124, 'view-task', 'web', NULL, NULL),
(125, 'store-task', 'web', NULL, NULL),
(126, 'edit-task', 'web', NULL, NULL),
(127, 'delete-task', 'web', NULL, NULL),
(128, 'client', 'web', NULL, NULL),
(129, 'view-client', 'web', NULL, NULL),
(130, 'store-client', 'web', NULL, NULL),
(131, 'edit-client', 'web', NULL, NULL),
(132, 'delete-client', 'web', NULL, NULL),
(133, 'invoice', 'web', NULL, NULL),
(134, 'view-invoice', 'web', NULL, NULL),
(135, 'store-invoice', 'web', NULL, NULL),
(136, 'edit-invoice', 'web', NULL, NULL),
(137, 'delete-invoice', 'web', NULL, NULL),
(138, 'ticket', 'web', NULL, NULL),
(139, 'view-ticket', 'web', NULL, NULL),
(140, 'store-ticket', 'web', NULL, NULL),
(141, 'edit-ticket', 'web', NULL, NULL),
(142, 'delete-ticket', 'web', NULL, NULL),
(143, 'import-module', 'web', NULL, NULL),
(144, 'import-attendance', 'web', NULL, NULL),
(145, 'import-employee', 'web', NULL, NULL),
(146, 'file_module', 'web', NULL, NULL),
(147, 'file_manager', 'web', NULL, NULL),
(148, 'view-file_manager', 'web', NULL, NULL),
(149, 'store-file_manager', 'web', NULL, NULL),
(150, 'edit-file_manager', 'web', NULL, NULL),
(151, 'delete-file_manager', 'web', NULL, NULL),
(152, 'view-file_config', 'web', NULL, NULL),
(153, 'official_document', 'web', NULL, NULL),
(154, 'view-official_document', 'web', NULL, NULL),
(155, 'store-official_document', 'web', NULL, NULL),
(156, 'edit-official_document', 'web', NULL, NULL),
(157, 'delete-official_document', 'web', NULL, NULL),
(158, 'event-meeting', 'web', NULL, NULL),
(159, 'meeting', 'web', NULL, NULL),
(160, 'view-meeting', 'web', NULL, NULL),
(161, 'store-meeting', 'web', NULL, NULL),
(162, 'edit-meeting', 'web', NULL, NULL),
(163, 'delete-meeting', 'web', NULL, NULL),
(164, 'event', 'web', NULL, NULL),
(165, 'view-event', 'web', NULL, NULL),
(166, 'store-event', 'web', NULL, NULL),
(167, 'edit-event', 'web', NULL, NULL),
(168, 'delete-event', 'web', NULL, NULL),
(169, 'role', 'web', NULL, NULL),
(170, 'view-role', 'web', NULL, NULL),
(171, 'store-role', 'web', NULL, NULL),
(172, 'edit-role', 'web', NULL, NULL),
(173, 'delete-role', 'web', NULL, NULL),
(174, 'assign-module', 'web', NULL, NULL),
(175, 'assign-role', 'web', NULL, NULL),
(176, 'assign-ticket', 'web', NULL, NULL),
(177, 'assign-project', 'web', NULL, NULL),
(178, 'assign-task', 'web', NULL, NULL),
(179, 'finance', 'web', NULL, NULL),
(180, 'account', 'web', NULL, NULL),
(181, 'view-account', 'web', NULL, NULL),
(182, 'store-account', 'web', NULL, NULL),
(183, 'edit-account', 'web', NULL, NULL),
(184, 'delete-account', 'web', NULL, NULL),
(185, 'view-transaction', 'web', NULL, NULL),
(186, 'view-balance_transfer', 'web', NULL, NULL),
(187, 'store-balance_transfer', 'web', NULL, NULL),
(188, 'expense', 'web', NULL, NULL),
(189, 'view-expense', 'web', NULL, NULL),
(190, 'store-expense', 'web', NULL, NULL),
(191, 'edit-expense', 'web', NULL, NULL),
(192, 'delete-expense', 'web', NULL, NULL),
(193, 'deposit', 'web', NULL, NULL),
(194, 'view-deposit', 'web', NULL, NULL),
(195, 'store-deposit', 'web', NULL, NULL),
(196, 'edit-deposit', 'web', NULL, NULL),
(197, 'delete-deposit', 'web', NULL, NULL),
(198, 'payer', 'web', NULL, NULL),
(199, 'view-payer', 'web', NULL, NULL),
(200, 'store-payer', 'web', NULL, NULL),
(201, 'edit-payer', 'web', NULL, NULL),
(202, 'delete-payer', 'web', NULL, NULL),
(203, 'payee', 'web', NULL, NULL),
(204, 'view-payee', 'web', NULL, NULL),
(205, 'store-payee', 'web', NULL, NULL),
(206, 'edit-payee', 'web', NULL, NULL),
(207, 'delete-payee', 'web', NULL, NULL),
(208, 'training_module', 'web', NULL, NULL),
(209, 'trainer', 'web', NULL, NULL),
(210, 'view-trainer', 'web', NULL, NULL),
(211, 'store-trainer', 'web', NULL, NULL),
(212, 'edit-trainer', 'web', NULL, NULL),
(213, 'delete-trainer', 'web', NULL, NULL),
(214, 'training', 'web', NULL, NULL),
(215, 'view-training', 'web', NULL, NULL),
(216, 'store-training', 'web', NULL, NULL),
(217, 'edit-training', 'web', NULL, NULL),
(218, 'delete-training', 'web', NULL, NULL),
(219, 'access-module', 'web', NULL, NULL),
(220, 'access-variable_type', 'web', NULL, NULL),
(221, 'access-variable_method', 'web', NULL, NULL),
(222, 'access-language', 'web', NULL, NULL),
(223, 'announcement', 'web', NULL, NULL),
(224, 'store-announcement', 'web', NULL, NULL),
(225, 'edit-announcement', 'web', NULL, NULL),
(226, 'delete-announcement', 'web', NULL, NULL),
(227, 'company', 'web', NULL, NULL),
(228, 'view-company', 'web', NULL, NULL),
(229, 'store-company', 'web', NULL, NULL),
(230, 'edit-company', 'web', NULL, NULL),
(231, 'delete-company', 'web', NULL, NULL),
(232, 'department', 'web', NULL, NULL),
(233, 'view-department', 'web', NULL, NULL),
(234, 'store-department', 'web', NULL, NULL),
(235, 'edit-department', 'web', NULL, NULL),
(236, 'delete-department', 'web', NULL, NULL),
(237, 'designation', 'web', NULL, NULL),
(238, 'view-designation', 'web', NULL, NULL),
(239, 'store-designation', 'web', NULL, NULL),
(240, 'edit-designation', 'web', NULL, NULL),
(241, 'delete-designation', 'web', NULL, NULL),
(242, 'location', 'web', NULL, NULL),
(243, 'view-location', 'web', NULL, NULL),
(244, 'store-location', 'web', NULL, NULL),
(245, 'edit-location', 'web', NULL, NULL),
(246, 'delete-location', 'web', NULL, NULL),
(247, 'policy', 'web', NULL, NULL),
(248, 'store-policy', 'web', NULL, NULL),
(249, 'edit-policy', 'web', NULL, NULL),
(250, 'delete-policy', 'web', NULL, NULL),
(251, 'view-cms', 'web', NULL, NULL),
(252, 'store-cms', 'web', NULL, NULL),
(253, 'store-user', 'web', NULL, NULL),
(254, 'delete-attendance', 'web', NULL, NULL),
(255, 'view-leave', 'web', NULL, NULL),
(256, 'store-leave', 'web', NULL, NULL),
(257, 'edit-leave', 'web', NULL, NULL),
(258, 'delete-leave', 'web', NULL, NULL),
(259, 'cms', 'web', NULL, NULL),
(260, 'performance', 'web', NULL, NULL),
(261, 'goal-type', 'web', NULL, NULL),
(262, 'view-goal-type', 'web', NULL, NULL),
(263, 'store-goal-type', 'web', NULL, NULL),
(264, 'edit-goal-type', 'web', NULL, NULL),
(265, 'delete-goal-type', 'web', NULL, NULL),
(266, 'goal-tracking', 'web', NULL, NULL),
(267, 'view-goal-tracking', 'web', NULL, NULL),
(268, 'store-goal-tracking', 'web', NULL, NULL),
(269, 'edit-goal-tracking', 'web', NULL, NULL),
(270, 'delete-goal-tracking', 'web', NULL, NULL),
(271, 'indicator', 'web', NULL, NULL),
(272, 'view-indicator', 'web', NULL, NULL),
(273, 'store-indicator', 'web', NULL, NULL),
(274, 'edit-indicator', 'web', NULL, NULL),
(275, 'delete-indicator', 'web', NULL, NULL),
(276, 'appraisal', 'web', NULL, NULL),
(277, 'view-appraisal', 'web', NULL, NULL),
(278, 'store-appraisal', 'web', NULL, NULL),
(279, 'edit-appraisal', 'web', NULL, NULL),
(280, 'delete-appraisal', 'web', NULL, NULL),
(281, 'assets-and-category', 'web', NULL, NULL),
(282, 'category', 'web', NULL, NULL),
(283, 'view-assets-category', 'web', NULL, NULL),
(284, 'store-assets-category', 'web', NULL, NULL),
(285, 'edit-assets-category', 'web', NULL, NULL),
(286, 'delete-assets-category', 'web', NULL, NULL),
(287, 'assets', 'web', NULL, NULL),
(288, 'view-assets', 'web', NULL, NULL),
(289, 'store-assets', 'web', NULL, NULL),
(290, 'edit-assets', 'web', NULL, NULL),
(291, 'delete-assets', 'web', NULL, NULL),
(292, 'set-permission', 'web', NULL, NULL);

-- --------------------------------------------------------

--
-- Table structure for table `policies`
--

CREATE TABLE `policies` (
  `id` bigint(20) UNSIGNED NOT NULL,
  `title` varchar(191) COLLATE utf8mb4_unicode_ci NOT NULL,
  `description` longtext COLLATE utf8mb4_unicode_ci DEFAULT NULL,
  `company_id` bigint(20) UNSIGNED DEFAULT NULL,
  `added_by` varchar(40) COLLATE utf8mb4_unicode_ci DEFAULT NULL,
  `created_at` timestamp NULL DEFAULT NULL,
  `updated_at` timestamp NULL DEFAULT NULL
) ENGINE=InnoDB DEFAULT CHARSET=utf8mb4 COLLATE=utf8mb4_unicode_ci;

--
-- Dumping data for table `policies`
--

INSERT INTO `policies` (`id`, `title`, `description`, `company_id`, `added_by`, `created_at`, `updated_at`) VALUES
(1, 'Policy', 'asfasdfasdfasfasdfasdf', 2, 'admin', '2022-07-07 07:33:48', '2022-07-07 07:33:48');

-- --------------------------------------------------------

--
-- Table structure for table `projects`
--

CREATE TABLE `projects` (
  `id` bigint(20) UNSIGNED NOT NULL,
  `title` varchar(191) COLLATE utf8mb4_unicode_ci NOT NULL,
  `client_id` bigint(20) UNSIGNED DEFAULT NULL,
  `company_id` bigint(20) UNSIGNED DEFAULT NULL,
  `start_date` date NOT NULL,
  `end_date` date NOT NULL,
  `project_priority` varchar(40) COLLATE utf8mb4_unicode_ci NOT NULL,
  `description` mediumtext COLLATE utf8mb4_unicode_ci DEFAULT NULL,
  `summary` mediumtext COLLATE utf8mb4_unicode_ci DEFAULT NULL,
  `project_status` varchar(40) COLLATE utf8mb4_unicode_ci NOT NULL DEFAULT 'not started',
  `project_note` longtext COLLATE utf8mb4_unicode_ci DEFAULT NULL,
  `project_progress` varchar(191) COLLATE utf8mb4_unicode_ci DEFAULT NULL,
  `is_notify` tinyint(4) DEFAULT NULL,
  `added_by` bigint(20) UNSIGNED DEFAULT NULL,
  `created_at` timestamp NULL DEFAULT NULL,
  `updated_at` timestamp NULL DEFAULT NULL
) ENGINE=InnoDB DEFAULT CHARSET=utf8mb4 COLLATE=utf8mb4_unicode_ci;

-- --------------------------------------------------------

--
-- Table structure for table `project_bugs`
--

CREATE TABLE `project_bugs` (
  `id` bigint(20) UNSIGNED NOT NULL,
  `project_id` bigint(20) UNSIGNED NOT NULL,
  `user_id` bigint(20) UNSIGNED DEFAULT NULL,
  `title` mediumtext COLLATE utf8mb4_unicode_ci NOT NULL,
  `bug_attachment` varchar(191) COLLATE utf8mb4_unicode_ci DEFAULT NULL,
  `status` varchar(191) COLLATE utf8mb4_unicode_ci NOT NULL DEFAULT 'pending',
  `created_at` timestamp NULL DEFAULT NULL,
  `updated_at` timestamp NULL DEFAULT NULL
) ENGINE=InnoDB DEFAULT CHARSET=utf8mb4 COLLATE=utf8mb4_unicode_ci;

-- --------------------------------------------------------

--
-- Table structure for table `project_discussions`
--

CREATE TABLE `project_discussions` (
  `id` bigint(20) UNSIGNED NOT NULL,
  `project_id` bigint(20) UNSIGNED NOT NULL,
  `user_id` bigint(20) UNSIGNED DEFAULT NULL,
  `project_discussion` mediumtext COLLATE utf8mb4_unicode_ci NOT NULL,
  `discussion_attachment` varchar(191) COLLATE utf8mb4_unicode_ci NOT NULL,
  `created_at` timestamp NULL DEFAULT NULL,
  `updated_at` timestamp NULL DEFAULT NULL
) ENGINE=InnoDB DEFAULT CHARSET=utf8mb4 COLLATE=utf8mb4_unicode_ci;

-- --------------------------------------------------------

--
-- Table structure for table `project_files`
--

CREATE TABLE `project_files` (
  `id` bigint(20) UNSIGNED NOT NULL,
  `project_id` bigint(20) UNSIGNED NOT NULL,
  `user_id` bigint(20) UNSIGNED DEFAULT NULL,
  `file_title` varchar(191) COLLATE utf8mb4_unicode_ci NOT NULL,
  `file_attachment` varchar(191) COLLATE utf8mb4_unicode_ci NOT NULL,
  `file_description` mediumtext COLLATE utf8mb4_unicode_ci DEFAULT NULL,
  `created_at` timestamp NULL DEFAULT NULL,
  `updated_at` timestamp NULL DEFAULT NULL
) ENGINE=InnoDB DEFAULT CHARSET=utf8mb4 COLLATE=utf8mb4_unicode_ci;

-- --------------------------------------------------------

--
-- Table structure for table `promotions`
--

CREATE TABLE `promotions` (
  `id` bigint(20) UNSIGNED NOT NULL,
  `promotion_title` varchar(40) COLLATE utf8mb4_unicode_ci NOT NULL,
  `description` mediumtext COLLATE utf8mb4_unicode_ci DEFAULT NULL,
  `company_id` bigint(20) UNSIGNED NOT NULL,
  `employee_id` bigint(20) UNSIGNED NOT NULL,
  `promotion_date` date NOT NULL,
  `created_at` timestamp NULL DEFAULT NULL,
  `updated_at` timestamp NULL DEFAULT NULL
) ENGINE=InnoDB DEFAULT CHARSET=utf8mb4 COLLATE=utf8mb4_unicode_ci;

-- --------------------------------------------------------

--
-- Table structure for table `qualification_education_levels`
--

CREATE TABLE `qualification_education_levels` (
  `id` bigint(20) UNSIGNED NOT NULL,
  `company_id` bigint(20) UNSIGNED DEFAULT NULL,
  `name` varchar(191) COLLATE utf8mb4_unicode_ci DEFAULT NULL,
  `created_at` timestamp NULL DEFAULT NULL,
  `updated_at` timestamp NULL DEFAULT NULL
) ENGINE=InnoDB DEFAULT CHARSET=utf8mb4 COLLATE=utf8mb4_unicode_ci;

-- --------------------------------------------------------

--
-- Table structure for table `qualification_languages`
--

CREATE TABLE `qualification_languages` (
  `id` bigint(20) UNSIGNED NOT NULL,
  `company_id` bigint(20) UNSIGNED DEFAULT NULL,
  `name` varchar(191) COLLATE utf8mb4_unicode_ci DEFAULT NULL,
  `created_at` timestamp NULL DEFAULT NULL,
  `updated_at` timestamp NULL DEFAULT NULL
) ENGINE=InnoDB DEFAULT CHARSET=utf8mb4 COLLATE=utf8mb4_unicode_ci;

-- --------------------------------------------------------

--
-- Table structure for table `qualification_skills`
--

CREATE TABLE `qualification_skills` (
  `id` bigint(20) UNSIGNED NOT NULL,
  `company_id` bigint(20) UNSIGNED DEFAULT NULL,
  `name` varchar(191) COLLATE utf8mb4_unicode_ci DEFAULT NULL,
  `created_at` timestamp NULL DEFAULT NULL,
  `updated_at` timestamp NULL DEFAULT NULL
) ENGINE=InnoDB DEFAULT CHARSET=utf8mb4 COLLATE=utf8mb4_unicode_ci;

-- --------------------------------------------------------

--
-- Table structure for table `resignations`
--

CREATE TABLE `resignations` (
  `id` bigint(20) UNSIGNED NOT NULL,
  `description` mediumtext COLLATE utf8mb4_unicode_ci DEFAULT NULL,
  `company_id` bigint(20) UNSIGNED DEFAULT NULL,
  `department_id` bigint(20) UNSIGNED DEFAULT NULL,
  `employee_id` bigint(20) UNSIGNED DEFAULT NULL,
  `notice_date` date DEFAULT NULL,
  `resignation_date` date NOT NULL,
  `created_at` timestamp NULL DEFAULT NULL,
  `updated_at` timestamp NULL DEFAULT NULL
) ENGINE=InnoDB DEFAULT CHARSET=utf8mb4 COLLATE=utf8mb4_unicode_ci;

-- --------------------------------------------------------

--
-- Table structure for table `roles`
--

CREATE TABLE `roles` (
  `id` bigint(20) UNSIGNED NOT NULL,
  `name` varchar(191) COLLATE utf8mb4_unicode_ci NOT NULL,
  `guard_name` varchar(191) COLLATE utf8mb4_unicode_ci NOT NULL,
  `description` text COLLATE utf8mb4_unicode_ci DEFAULT NULL,
  `is_active` tinyint(4) DEFAULT NULL,
  `created_at` timestamp NULL DEFAULT NULL,
  `updated_at` timestamp NULL DEFAULT NULL
) ENGINE=InnoDB DEFAULT CHARSET=utf8mb4 COLLATE=utf8mb4_unicode_ci;

--
-- Dumping data for table `roles`
--

INSERT INTO `roles` (`id`, `name`, `guard_name`, `description`, `is_active`, `created_at`, `updated_at`) VALUES
(1, 'admin', 'web', 'Can access and change everything', 1, NULL, NULL),
(2, 'employee', 'web', 'Default access', 1, '2020-07-26 13:50:45', '2020-07-26 13:50:45'),
(3, 'client', 'web', 'When you create a client, this role and associated.', 1, '2020-10-08 03:10:23', '2020-10-08 03:10:23'),
(4, 'Manager', 'web', 'Can Manage', 1, '2021-02-24 10:24:58', '2021-02-24 10:24:58'),
(5, 'Editor', 'web', 'Custom access', 1, '2021-02-24 10:24:58', '2021-02-24 10:24:58');

-- --------------------------------------------------------

--
-- Table structure for table `role_has_permissions`
--

CREATE TABLE `role_has_permissions` (
  `permission_id` bigint(20) UNSIGNED NOT NULL,
  `role_id` bigint(20) UNSIGNED NOT NULL
) ENGINE=InnoDB DEFAULT CHARSET=utf8mb4 COLLATE=utf8mb4_unicode_ci;

--
-- Dumping data for table `role_has_permissions`
--

INSERT INTO `role_has_permissions` (`permission_id`, `role_id`) VALUES
(11, 4),
(21, 2),
(22, 2),
(23, 2),
(24, 2),
(25, 2),
(26, 2),
(27, 2),
(28, 2),
(29, 2),
(30, 2),
(31, 2),
(32, 2),
(33, 2),
(34, 2),
(35, 2),
(36, 2),
(38, 2),
(39, 2),
(41, 2),
(42, 2),
(43, 2),
(44, 2),
(46, 2),
(47, 2),
(48, 2),
(49, 2),
(50, 2),
(51, 2),
(52, 2),
(53, 2),
(54, 2),
(55, 2),
(56, 2),
(57, 2),
(58, 2),
(59, 2),
(60, 2),
(61, 2),
(117, 4),
(133, 4),
(134, 4),
(135, 4),
(136, 4),
(137, 4),
(158, 4),
(159, 4),
(160, 4),
(161, 4),
(162, 4),
(163, 4),
(164, 4),
(165, 4),
(166, 4),
(167, 4),
(168, 4),
(169, 4),
(170, 4),
(237, 4),
(238, 4),
(239, 4),
(240, 4),
(241, 4),
(242, 4),
(243, 4),
(244, 4),
(245, 4),
(246, 4),
(260, 4),
(266, 4),
(267, 4),
(268, 4),
(269, 4),
(270, 4);

-- --------------------------------------------------------

--
-- Table structure for table `salary_allowances`
--

CREATE TABLE `salary_allowances` (
  `id` bigint(20) UNSIGNED NOT NULL,
  `employee_id` bigint(20) UNSIGNED NOT NULL,
  `month_year` varchar(191) COLLATE utf8mb4_unicode_ci NOT NULL,
  `first_date` date DEFAULT NULL,
  `allowance_title` varchar(191) COLLATE utf8mb4_unicode_ci NOT NULL,
  `allowance_amount` varchar(191) COLLATE utf8mb4_unicode_ci NOT NULL,
  `is_taxable` tinyint(4) NOT NULL,
  `created_at` timestamp NULL DEFAULT NULL,
  `updated_at` timestamp NULL DEFAULT NULL
) ENGINE=InnoDB DEFAULT CHARSET=utf8mb4 COLLATE=utf8mb4_unicode_ci;

-- --------------------------------------------------------

--
-- Table structure for table `salary_basics`
--

CREATE TABLE `salary_basics` (
  `id` bigint(20) UNSIGNED NOT NULL,
  `employee_id` bigint(20) UNSIGNED NOT NULL,
  `month_year` varchar(191) COLLATE utf8mb4_unicode_ci NOT NULL,
  `first_date` date DEFAULT NULL,
  `payslip_type` varchar(191) COLLATE utf8mb4_unicode_ci NOT NULL,
  `basic_salary` double NOT NULL DEFAULT 0,
  `created_at` timestamp NULL DEFAULT NULL,
  `updated_at` timestamp NULL DEFAULT NULL
) ENGINE=InnoDB DEFAULT CHARSET=utf8mb4 COLLATE=utf8mb4_unicode_ci;

--
-- Dumping data for table `salary_basics`
--

INSERT INTO `salary_basics` (`id`, `employee_id`, `month_year`, `first_date`, `payslip_type`, `basic_salary`, `created_at`, `updated_at`) VALUES
(1, 49, 'July-2022', '2022-07-01', 'Monthly', 500, '2022-07-07 07:29:49', '2022-07-07 07:29:49'),
(2, 48, 'July-2022', '2022-07-01', 'Monthly', 500, '2022-08-07 16:16:36', '2022-08-07 16:16:36');

-- --------------------------------------------------------

--
-- Table structure for table `salary_commissions`
--

CREATE TABLE `salary_commissions` (
  `id` bigint(20) UNSIGNED NOT NULL,
  `employee_id` bigint(20) UNSIGNED NOT NULL,
  `month_year` varchar(191) COLLATE utf8mb4_unicode_ci NOT NULL,
  `commission_title` varchar(191) COLLATE utf8mb4_unicode_ci NOT NULL,
  `first_date` date DEFAULT NULL,
  `commission_amount` varchar(191) COLLATE utf8mb4_unicode_ci NOT NULL,
  `created_at` timestamp NULL DEFAULT NULL,
  `updated_at` timestamp NULL DEFAULT NULL
) ENGINE=InnoDB DEFAULT CHARSET=utf8mb4 COLLATE=utf8mb4_unicode_ci;

-- --------------------------------------------------------

--
-- Table structure for table `salary_deductions`
--

CREATE TABLE `salary_deductions` (
  `id` bigint(20) UNSIGNED NOT NULL,
  `employee_id` bigint(20) UNSIGNED NOT NULL,
  `month_year` varchar(50) COLLATE utf8mb4_unicode_ci NOT NULL,
  `first_date` date DEFAULT NULL,
  `deduction_title` varchar(191) COLLATE utf8mb4_unicode_ci NOT NULL,
  `deduction_amount` varchar(191) COLLATE utf8mb4_unicode_ci NOT NULL,
  `deduction_type` varchar(191) COLLATE utf8mb4_unicode_ci NOT NULL,
  `created_at` timestamp NULL DEFAULT NULL,
  `updated_at` timestamp NULL DEFAULT NULL
) ENGINE=InnoDB DEFAULT CHARSET=utf8mb4 COLLATE=utf8mb4_unicode_ci;

-- --------------------------------------------------------

--
-- Table structure for table `salary_loans`
--

CREATE TABLE `salary_loans` (
  `id` bigint(20) UNSIGNED NOT NULL,
  `employee_id` bigint(20) UNSIGNED NOT NULL,
  `month_year` varchar(50) COLLATE utf8mb4_unicode_ci NOT NULL,
  `first_date` date DEFAULT NULL,
  `loan_title` varchar(191) COLLATE utf8mb4_unicode_ci NOT NULL,
  `loan_amount` varchar(191) COLLATE utf8mb4_unicode_ci NOT NULL,
  `loan_type` varchar(191) COLLATE utf8mb4_unicode_ci NOT NULL,
  `loan_time` varchar(191) COLLATE utf8mb4_unicode_ci NOT NULL,
  `amount_remaining` varchar(191) COLLATE utf8mb4_unicode_ci NOT NULL,
  `time_remaining` varchar(191) COLLATE utf8mb4_unicode_ci NOT NULL,
  `monthly_payable` varchar(50) COLLATE utf8mb4_unicode_ci NOT NULL,
  `reason` mediumtext COLLATE utf8mb4_unicode_ci DEFAULT NULL,
  `created_at` timestamp NULL DEFAULT NULL,
  `updated_at` timestamp NULL DEFAULT NULL
) ENGINE=InnoDB DEFAULT CHARSET=utf8mb4 COLLATE=utf8mb4_unicode_ci;

-- --------------------------------------------------------

--
-- Table structure for table `salary_other_payments`
--

CREATE TABLE `salary_other_payments` (
  `id` bigint(20) UNSIGNED NOT NULL,
  `employee_id` bigint(20) UNSIGNED NOT NULL,
  `month_year` varchar(50) COLLATE utf8mb4_unicode_ci NOT NULL DEFAULT '',
  `first_date` date DEFAULT NULL,
  `other_payment_title` varchar(191) COLLATE utf8mb4_unicode_ci NOT NULL,
  `other_payment_amount` varchar(191) COLLATE utf8mb4_unicode_ci NOT NULL,
  `created_at` timestamp NULL DEFAULT NULL,
  `updated_at` timestamp NULL DEFAULT NULL
) ENGINE=InnoDB DEFAULT CHARSET=utf8mb4 COLLATE=utf8mb4_unicode_ci;

-- --------------------------------------------------------

--
-- Table structure for table `salary_overtimes`
--

CREATE TABLE `salary_overtimes` (
  `id` bigint(20) UNSIGNED NOT NULL,
  `employee_id` bigint(20) UNSIGNED NOT NULL,
  `month_year` varchar(50) COLLATE utf8mb4_unicode_ci NOT NULL,
  `first_date` date DEFAULT NULL,
  `overtime_title` varchar(191) COLLATE utf8mb4_unicode_ci NOT NULL,
  `no_of_days` varchar(191) COLLATE utf8mb4_unicode_ci NOT NULL,
  `overtime_hours` varchar(191) COLLATE utf8mb4_unicode_ci NOT NULL,
  `overtime_rate` varchar(191) COLLATE utf8mb4_unicode_ci NOT NULL,
  `overtime_amount` varchar(191) COLLATE utf8mb4_unicode_ci NOT NULL,
  `created_at` timestamp NULL DEFAULT NULL,
  `updated_at` timestamp NULL DEFAULT NULL
) ENGINE=InnoDB DEFAULT CHARSET=utf8mb4 COLLATE=utf8mb4_unicode_ci;

--
-- Dumping data for table `salary_overtimes`
--

INSERT INTO `salary_overtimes` (`id`, `employee_id`, `month_year`, `first_date`, `overtime_title`, `no_of_days`, `overtime_hours`, `overtime_rate`, `overtime_amount`, `created_at`, `updated_at`) VALUES
(1, 49, 'July-2022', '2022-07-01', 'Web development project', '5', '10', '25', '250', '2022-07-07 07:30:21', '2022-07-07 07:30:21');

-- --------------------------------------------------------

--
-- Table structure for table `statuses`
--

CREATE TABLE `statuses` (
  `id` bigint(20) UNSIGNED NOT NULL,
  `status_title` varchar(191) COLLATE utf8mb4_unicode_ci NOT NULL,
  `created_at` timestamp NULL DEFAULT NULL,
  `updated_at` timestamp NULL DEFAULT NULL
) ENGINE=InnoDB DEFAULT CHARSET=utf8mb4 COLLATE=utf8mb4_unicode_ci;

--
-- Dumping data for table `statuses`
--

INSERT INTO `statuses` (`id`, `status_title`, `created_at`, `updated_at`) VALUES
(1, 'Active', NULL, NULL);

-- --------------------------------------------------------

--
-- Table structure for table `support_tickets`
--

CREATE TABLE `support_tickets` (
  `id` bigint(20) UNSIGNED NOT NULL,
  `company_id` bigint(20) UNSIGNED DEFAULT NULL,
  `department_id` bigint(20) UNSIGNED DEFAULT NULL,
  `employee_id` bigint(20) UNSIGNED DEFAULT NULL,
  `ticket_code` varchar(15) COLLATE utf8mb4_unicode_ci NOT NULL,
  `subject` varchar(191) COLLATE utf8mb4_unicode_ci NOT NULL,
  `ticket_priority` varchar(40) COLLATE utf8mb4_unicode_ci NOT NULL,
  `description` mediumtext COLLATE utf8mb4_unicode_ci DEFAULT NULL,
  `ticket_remarks` mediumtext COLLATE utf8mb4_unicode_ci DEFAULT NULL,
  `ticket_status` varchar(40) COLLATE utf8mb4_unicode_ci NOT NULL,
  `ticket_note` varchar(191) COLLATE utf8mb4_unicode_ci DEFAULT NULL,
  `is_notify` tinyint(4) DEFAULT NULL,
  `ticket_attachment` varchar(191) COLLATE utf8mb4_unicode_ci DEFAULT NULL,
  `created_at` timestamp NULL DEFAULT NULL,
  `updated_at` timestamp NULL DEFAULT NULL
) ENGINE=InnoDB DEFAULT CHARSET=utf8mb4 COLLATE=utf8mb4_unicode_ci;

-- --------------------------------------------------------

--
-- Table structure for table `tasks`
--

CREATE TABLE `tasks` (
  `id` bigint(20) UNSIGNED NOT NULL,
  `task_name` varchar(191) COLLATE utf8mb4_unicode_ci NOT NULL,
  `project_id` bigint(20) UNSIGNED NOT NULL,
  `company_id` bigint(20) UNSIGNED DEFAULT NULL,
  `start_date` date NOT NULL,
  `end_date` date NOT NULL,
  `task_hour` varchar(40) COLLATE utf8mb4_unicode_ci NOT NULL,
  `description` mediumtext COLLATE utf8mb4_unicode_ci DEFAULT NULL,
  `task_status` varchar(40) COLLATE utf8mb4_unicode_ci NOT NULL DEFAULT 'not started',
  `task_note` mediumtext COLLATE utf8mb4_unicode_ci DEFAULT NULL,
  `task_progress` varchar(191) COLLATE utf8mb4_unicode_ci DEFAULT NULL,
  `is_notify` tinyint(4) DEFAULT NULL,
  `added_by` bigint(20) UNSIGNED DEFAULT NULL,
  `created_at` timestamp NULL DEFAULT NULL,
  `updated_at` timestamp NULL DEFAULT NULL
) ENGINE=InnoDB DEFAULT CHARSET=utf8mb4 COLLATE=utf8mb4_unicode_ci;

-- --------------------------------------------------------

--
-- Table structure for table `task_discussions`
--

CREATE TABLE `task_discussions` (
  `id` bigint(20) UNSIGNED NOT NULL,
  `task_id` bigint(20) UNSIGNED NOT NULL,
  `user_id` bigint(20) UNSIGNED DEFAULT NULL,
  `task_discussion` mediumtext COLLATE utf8mb4_unicode_ci NOT NULL,
  `created_at` timestamp NULL DEFAULT NULL,
  `updated_at` timestamp NULL DEFAULT NULL
) ENGINE=InnoDB DEFAULT CHARSET=utf8mb4 COLLATE=utf8mb4_unicode_ci;

-- --------------------------------------------------------

--
-- Table structure for table `task_files`
--

CREATE TABLE `task_files` (
  `id` bigint(20) UNSIGNED NOT NULL,
  `task_id` bigint(20) UNSIGNED NOT NULL,
  `user_id` bigint(20) UNSIGNED DEFAULT NULL,
  `file_title` varchar(191) COLLATE utf8mb4_unicode_ci NOT NULL,
  `file_attachment` varchar(191) COLLATE utf8mb4_unicode_ci NOT NULL,
  `file_description` mediumtext COLLATE utf8mb4_unicode_ci DEFAULT NULL,
  `created_at` timestamp NULL DEFAULT NULL,
  `updated_at` timestamp NULL DEFAULT NULL
) ENGINE=InnoDB DEFAULT CHARSET=utf8mb4 COLLATE=utf8mb4_unicode_ci;

-- --------------------------------------------------------

--
-- Table structure for table `tax_types`
--

CREATE TABLE `tax_types` (
  `id` bigint(20) UNSIGNED NOT NULL,
  `name` varchar(191) COLLATE utf8mb4_unicode_ci NOT NULL,
  `rate` varchar(191) COLLATE utf8mb4_unicode_ci NOT NULL,
  `type` varchar(191) COLLATE utf8mb4_unicode_ci NOT NULL,
  `description` mediumtext COLLATE utf8mb4_unicode_ci DEFAULT NULL,
  `created_at` timestamp NULL DEFAULT NULL,
  `updated_at` timestamp NULL DEFAULT NULL
) ENGINE=InnoDB DEFAULT CHARSET=utf8mb4 COLLATE=utf8mb4_unicode_ci;

-- --------------------------------------------------------

--
-- Table structure for table `terminations`
--

CREATE TABLE `terminations` (
  `id` bigint(20) UNSIGNED NOT NULL,
  `description` mediumtext COLLATE utf8mb4_unicode_ci DEFAULT NULL,
  `company_id` bigint(20) UNSIGNED NOT NULL,
  `terminated_employee` bigint(20) UNSIGNED NOT NULL,
  `termination_type` bigint(20) UNSIGNED DEFAULT NULL,
  `termination_date` date NOT NULL,
  `notice_date` date NOT NULL,
  `status` varchar(40) COLLATE utf8mb4_unicode_ci NOT NULL,
  `created_at` timestamp NULL DEFAULT NULL,
  `updated_at` timestamp NULL DEFAULT NULL
) ENGINE=InnoDB DEFAULT CHARSET=utf8mb4 COLLATE=utf8mb4_unicode_ci;

-- --------------------------------------------------------

--
-- Table structure for table `termination_types`
--

CREATE TABLE `termination_types` (
  `id` bigint(20) UNSIGNED NOT NULL,
  `termination_title` varchar(191) COLLATE utf8mb4_unicode_ci NOT NULL,
  `created_at` timestamp NULL DEFAULT NULL,
  `updated_at` timestamp NULL DEFAULT NULL
) ENGINE=InnoDB DEFAULT CHARSET=utf8mb4 COLLATE=utf8mb4_unicode_ci;

-- --------------------------------------------------------

--
-- Table structure for table `ticket_comments`
--

CREATE TABLE `ticket_comments` (
  `id` bigint(20) UNSIGNED NOT NULL,
  `ticket_id` bigint(20) UNSIGNED NOT NULL,
  `user_id` bigint(20) UNSIGNED DEFAULT NULL,
  `ticket_comments` mediumtext COLLATE utf8mb4_unicode_ci NOT NULL,
  `created_at` timestamp NULL DEFAULT NULL,
  `updated_at` timestamp NULL DEFAULT NULL
) ENGINE=InnoDB DEFAULT CHARSET=utf8mb4 COLLATE=utf8mb4_unicode_ci;

-- --------------------------------------------------------

--
-- Table structure for table `trainers`
--

CREATE TABLE `trainers` (
  `id` bigint(20) UNSIGNED NOT NULL,
  `first_name` varchar(191) COLLATE utf8mb4_unicode_ci NOT NULL,
  `last_name` varchar(191) COLLATE utf8mb4_unicode_ci NOT NULL,
  `email` varchar(191) COLLATE utf8mb4_unicode_ci NOT NULL,
  `contact_no` varchar(15) COLLATE utf8mb4_unicode_ci NOT NULL,
  `company_id` bigint(20) UNSIGNED DEFAULT NULL,
  `address` mediumtext COLLATE utf8mb4_unicode_ci DEFAULT NULL,
  `expertise` mediumtext COLLATE utf8mb4_unicode_ci NOT NULL,
  `status` varchar(30) COLLATE utf8mb4_unicode_ci NOT NULL,
  `created_at` timestamp NULL DEFAULT NULL,
  `updated_at` timestamp NULL DEFAULT NULL
) ENGINE=InnoDB DEFAULT CHARSET=utf8mb4 COLLATE=utf8mb4_unicode_ci;

-- --------------------------------------------------------

--
-- Table structure for table `training_lists`
--

CREATE TABLE `training_lists` (
  `id` bigint(20) UNSIGNED NOT NULL,
  `description` mediumtext COLLATE utf8mb4_unicode_ci DEFAULT NULL,
  `start_date` date NOT NULL,
  `end_date` date NOT NULL,
  `training_cost` varchar(191) COLLATE utf8mb4_unicode_ci NOT NULL,
  `status` varchar(30) COLLATE utf8mb4_unicode_ci NOT NULL,
  `remarks` mediumtext COLLATE utf8mb4_unicode_ci DEFAULT NULL,
  `company_id` bigint(20) UNSIGNED DEFAULT NULL,
  `trainer_id` bigint(20) UNSIGNED DEFAULT NULL,
  `training_type_id` bigint(20) UNSIGNED DEFAULT NULL,
  `created_at` timestamp NULL DEFAULT NULL,
  `updated_at` timestamp NULL DEFAULT NULL
) ENGINE=InnoDB DEFAULT CHARSET=utf8mb4 COLLATE=utf8mb4_unicode_ci;

-- --------------------------------------------------------

--
-- Table structure for table `training_types`
--

CREATE TABLE `training_types` (
  `id` bigint(20) UNSIGNED NOT NULL,
  `company_id` bigint(20) UNSIGNED NOT NULL,
  `type` varchar(30) COLLATE utf8mb4_unicode_ci NOT NULL,
  `status` varchar(30) COLLATE utf8mb4_unicode_ci NOT NULL,
  `created_at` timestamp NULL DEFAULT NULL,
  `updated_at` timestamp NULL DEFAULT NULL
) ENGINE=InnoDB DEFAULT CHARSET=utf8mb4 COLLATE=utf8mb4_unicode_ci;

-- --------------------------------------------------------

--
-- Table structure for table `transfers`
--

CREATE TABLE `transfers` (
  `id` bigint(20) UNSIGNED NOT NULL,
  `description` mediumtext COLLATE utf8mb4_unicode_ci DEFAULT NULL,
  `company_id` bigint(20) UNSIGNED DEFAULT NULL,
  `from_department_id` bigint(20) UNSIGNED DEFAULT NULL,
  `to_department_id` bigint(20) UNSIGNED DEFAULT NULL,
  `employee_id` bigint(20) UNSIGNED DEFAULT NULL,
  `transfer_date` date NOT NULL,
  `created_at` timestamp NULL DEFAULT NULL,
  `updated_at` timestamp NULL DEFAULT NULL
) ENGINE=InnoDB DEFAULT CHARSET=utf8mb4 COLLATE=utf8mb4_unicode_ci;

-- --------------------------------------------------------

--
-- Table structure for table `travels`
--

CREATE TABLE `travels` (
  `id` bigint(20) UNSIGNED NOT NULL,
  `description` mediumtext COLLATE utf8mb4_unicode_ci DEFAULT NULL,
  `company_id` bigint(20) UNSIGNED NOT NULL,
  `employee_id` bigint(20) UNSIGNED NOT NULL,
  `travel_type` bigint(20) UNSIGNED DEFAULT NULL,
  `start_date` date NOT NULL,
  `end_date` date NOT NULL,
  `purpose_of_visit` varchar(191) COLLATE utf8mb4_unicode_ci DEFAULT NULL,
  `place_of_visit` varchar(191) COLLATE utf8mb4_unicode_ci DEFAULT NULL,
  `expected_budget` varchar(20) COLLATE utf8mb4_unicode_ci DEFAULT NULL,
  `actual_budget` varchar(20) COLLATE utf8mb4_unicode_ci DEFAULT NULL,
  `travel_mode` varchar(20) COLLATE utf8mb4_unicode_ci NOT NULL,
  `status` varchar(30) COLLATE utf8mb4_unicode_ci NOT NULL,
  `created_at` timestamp NULL DEFAULT NULL,
  `updated_at` timestamp NULL DEFAULT NULL
) ENGINE=InnoDB DEFAULT CHARSET=utf8mb4 COLLATE=utf8mb4_unicode_ci;

-- --------------------------------------------------------

--
-- Table structure for table `travel_types`
--

CREATE TABLE `travel_types` (
  `id` bigint(20) UNSIGNED NOT NULL,
  `arrangement_type` varchar(191) COLLATE utf8mb4_unicode_ci NOT NULL,
  `company_id` bigint(20) UNSIGNED DEFAULT NULL,
  `created_at` timestamp NULL DEFAULT NULL,
  `updated_at` timestamp NULL DEFAULT NULL
) ENGINE=InnoDB DEFAULT CHARSET=utf8mb4 COLLATE=utf8mb4_unicode_ci;

-- --------------------------------------------------------

--
-- Table structure for table `users`
--

CREATE TABLE `users` (
  `id` bigint(20) UNSIGNED NOT NULL,
  `first_name` varchar(191) COLLATE utf8mb4_unicode_ci DEFAULT NULL,
  `last_name` varchar(191) COLLATE utf8mb4_unicode_ci DEFAULT NULL,
  `username` varchar(64) COLLATE utf8mb4_unicode_ci NOT NULL,
  `email` varchar(64) COLLATE utf8mb4_unicode_ci NOT NULL,
  `email_verified_at` timestamp NULL DEFAULT NULL,
  `password` varchar(191) COLLATE utf8mb4_unicode_ci NOT NULL,
  `profile_photo` varchar(191) COLLATE utf8mb4_unicode_ci DEFAULT NULL,
  `profile_bg` varchar(191) COLLATE utf8mb4_unicode_ci DEFAULT NULL,
  `role_users_id` bigint(20) UNSIGNED NOT NULL,
  `is_active` tinyint(4) DEFAULT NULL,
  `contact_no` varchar(15) COLLATE utf8mb4_unicode_ci NOT NULL,
  `last_login_ip` varchar(32) COLLATE utf8mb4_unicode_ci DEFAULT NULL,
  `last_login_date` timestamp(2) NULL DEFAULT NULL,
  `remember_token` varchar(100) COLLATE utf8mb4_unicode_ci DEFAULT NULL,
  `created_at` timestamp NULL DEFAULT NULL,
  `updated_at` timestamp NULL DEFAULT NULL,
  `deleted_at` timestamp NULL DEFAULT NULL
) ENGINE=InnoDB DEFAULT CHARSET=utf8mb4 COLLATE=utf8mb4_unicode_ci;

--
-- Dumping data for table `users`
--

INSERT INTO `users` (`id`, `first_name`, `last_name`, `username`, `email`, `email_verified_at`, `password`, `profile_photo`, `profile_bg`, `role_users_id`, `is_active`, `contact_no`, `last_login_ip`, `last_login_date`, `remember_token`, `created_at`, `updated_at`, `deleted_at`) VALUES
(1, 'Vishal', 'Patel', 'admin', 'admin@email.com', NULL, '$2a$12$DmK63zUk2fjak/XPy5fOT.CnvZljnqCZoPgQcWul7q297vhxVySWq', 'admin_1648281819.png', NULL, 1, 1, '9876543210', '::1', '2022-09-18 07:10:54.00', 'HVqGitFFQ0Objh6vc0qEMWGDxNNwnH3Q9zbslFwn8B8iRzI7X1Xtc1tcCa1d', NULL, '2022-03-26 05:33:39', NULL),
(48, 'john', 'doe', 'john', 'john@email.com', NULL, '$2y$10$8FBw0hC0AoZHK2g9gprkwe2n.BaHqaVuTTGx2Ovt3TspK1ek2Cf0C', NULL, NULL, 2, 1, '9874102563', '::1', '2022-09-18 07:09:16.00', NULL, '2022-05-04 06:10:01', '2022-09-18 07:21:34', NULL),
(49, 'Sameer', 'fioe', 'sam123', 'sam@email.com', NULL, '$2y$10$2bus6dHlHgIUkZYB/.cbpuwXaGUjwI.dGu1vG1RbG.mkjAGX3yW42', NULL, NULL, 2, 1, '98586265', '::1', '2022-07-07 07:40:32.00', NULL, '2022-07-07 07:29:08', '2022-07-07 07:29:08', NULL);

-- --------------------------------------------------------

--
-- Table structure for table `warnings`
--

CREATE TABLE `warnings` (
  `id` bigint(20) UNSIGNED NOT NULL,
  `subject` varchar(191) COLLATE utf8mb4_unicode_ci NOT NULL,
  `description` mediumtext COLLATE utf8mb4_unicode_ci DEFAULT NULL,
  `company_id` bigint(20) UNSIGNED NOT NULL,
  `warning_to` bigint(20) UNSIGNED NOT NULL,
  `warning_type` bigint(20) UNSIGNED DEFAULT NULL,
  `warning_date` date NOT NULL,
  `status` varchar(40) COLLATE utf8mb4_unicode_ci NOT NULL,
  `created_at` timestamp NULL DEFAULT NULL,
  `updated_at` timestamp NULL DEFAULT NULL
) ENGINE=InnoDB DEFAULT CHARSET=utf8mb4 COLLATE=utf8mb4_unicode_ci;

-- --------------------------------------------------------

--
-- Table structure for table `warnings_type`
--

CREATE TABLE `warnings_type` (
  `id` bigint(20) UNSIGNED NOT NULL,
  `warning_title` varchar(191) COLLATE utf8mb4_unicode_ci NOT NULL,
  `created_at` timestamp NULL DEFAULT NULL,
  `updated_at` timestamp NULL DEFAULT NULL
) ENGINE=InnoDB DEFAULT CHARSET=utf8mb4 COLLATE=utf8mb4_unicode_ci;

--
-- Indexes for dumped tables
--

--
-- Indexes for table `announcements`
--
ALTER TABLE `announcements`
  ADD PRIMARY KEY (`id`),
  ADD KEY `announcements_company_id_foreign` (`company_id`),
  ADD KEY `announcements_department_id_foreign` (`department_id`),
  ADD KEY `announcements_added_by_foreign` (`added_by`);

--
-- Indexes for table `appraisals`
--
ALTER TABLE `appraisals`
  ADD PRIMARY KEY (`id`);

--
-- Indexes for table `assets`
--
ALTER TABLE `assets`
  ADD PRIMARY KEY (`id`),
  ADD KEY `assets_company_id_foreign` (`company_id`),
  ADD KEY `assets_employee_id_foreign` (`employee_id`),
  ADD KEY `assets_assets_category_id_foreign` (`assets_category_id`);

--
-- Indexes for table `asset_categories`
--
ALTER TABLE `asset_categories`
  ADD PRIMARY KEY (`id`),
  ADD KEY `asset_categories_company_id_foreign` (`company_id`);

--
-- Indexes for table `attendances`
--
ALTER TABLE `attendances`
  ADD PRIMARY KEY (`id`),
  ADD KEY `attendances_employee_id_foreign` (`employee_id`);

--
-- Indexes for table `awards`
--
ALTER TABLE `awards`
  ADD PRIMARY KEY (`id`),
  ADD KEY `awards_company_id_foreign` (`company_id`),
  ADD KEY `awards_department_id_foreign` (`department_id`),
  ADD KEY `awards_employee_id_foreign` (`employee_id`),
  ADD KEY `awards_award_type_id_foreign` (`award_type_id`);

--
-- Indexes for table `award_types`
--
ALTER TABLE `award_types`
  ADD PRIMARY KEY (`id`);

--
-- Indexes for table `calendarables`
--
ALTER TABLE `calendarables`
  ADD PRIMARY KEY (`id`);

--
-- Indexes for table `candidate_interview`
--
ALTER TABLE `candidate_interview`
  ADD PRIMARY KEY (`interview_id`,`candidate_id`),
  ADD KEY `candidate_interview_candidate_id_foreign` (`candidate_id`);

--
-- Indexes for table `clients`
--
ALTER TABLE `clients`
  ADD PRIMARY KEY (`id`);

--
-- Indexes for table `companies`
--
ALTER TABLE `companies`
  ADD PRIMARY KEY (`id`),
  ADD KEY `companies_location_id_foreign` (`location_id`);

--
-- Indexes for table `complaints`
--
ALTER TABLE `complaints`
  ADD PRIMARY KEY (`id`),
  ADD KEY `complaints_company_id_foreign` (`company_id`),
  ADD KEY `complaints_complaint_from_foreign` (`complaint_from`),
  ADD KEY `complaints_complaint_against_foreign` (`complaint_against`);

--
-- Indexes for table `countries`
--
ALTER TABLE `countries`
  ADD PRIMARY KEY (`id`);

--
-- Indexes for table `c_m_s`
--
ALTER TABLE `c_m_s`
  ADD PRIMARY KEY (`id`);

--
-- Indexes for table `departments`
--
ALTER TABLE `departments`
  ADD PRIMARY KEY (`id`),
  ADD KEY `departments_company_id_foreign` (`company_id`),
  ADD KEY `departments_department_head_foreign` (`department_head`);

--
-- Indexes for table `designations`
--
ALTER TABLE `designations`
  ADD PRIMARY KEY (`id`),
  ADD KEY `designations_company_id_foreign` (`company_id`),
  ADD KEY `designations_department_id_foreign` (`department_id`);

--
-- Indexes for table `document_types`
--
ALTER TABLE `document_types`
  ADD PRIMARY KEY (`id`),
  ADD KEY `document_types_company_id_foreign` (`company_id`);

--
-- Indexes for table `employees`
--
ALTER TABLE `employees`
  ADD PRIMARY KEY (`id`),
  ADD KEY `employees_office_shift_id_foreign` (`office_shift_id`),
  ADD KEY `employees_company_id_foreign` (`company_id`),
  ADD KEY `employees_department_id_foreign` (`department_id`),
  ADD KEY `employees_designation_id_foreign` (`designation_id`),
  ADD KEY `employees_location_id_foreign` (`location_id`),
  ADD KEY `employees_role_users_id_foreign` (`role_users_id`),
  ADD KEY `employees_status_id_foreign` (`status_id`);

--
-- Indexes for table `employee_bank_accounts`
--
ALTER TABLE `employee_bank_accounts`
  ADD PRIMARY KEY (`id`),
  ADD KEY `employee_bank_accounts_employee_id_foreign` (`employee_id`);

--
-- Indexes for table `employee_contacts`
--
ALTER TABLE `employee_contacts`
  ADD PRIMARY KEY (`id`),
  ADD KEY `employee_contacts_employee_id_foreign` (`employee_id`);

--
-- Indexes for table `employee_documents`
--
ALTER TABLE `employee_documents`
  ADD PRIMARY KEY (`id`),
  ADD KEY `employee_documents_employee_id_foreign` (`employee_id`),
  ADD KEY `employee_documents_document_type_id_foreign` (`document_type_id`);

--
-- Indexes for table `employee_immigrations`
--
ALTER TABLE `employee_immigrations`
  ADD PRIMARY KEY (`id`),
  ADD KEY `employee_immigrations_employee_id_foreign` (`employee_id`),
  ADD KEY `employee_immigrations_document_type_id_foreign` (`document_type_id`);

--
-- Indexes for table `employee_interview`
--
ALTER TABLE `employee_interview`
  ADD PRIMARY KEY (`interview_id`,`employee_id`),
  ADD KEY `employee_interview_employee_id_foreign` (`employee_id`);

--
-- Indexes for table `employee_meeting`
--
ALTER TABLE `employee_meeting`
  ADD PRIMARY KEY (`employee_id`,`meeting_id`),
  ADD KEY `employee_meeting_meeting_id_foreign` (`meeting_id`);

--
-- Indexes for table `employee_project`
--
ALTER TABLE `employee_project`
  ADD PRIMARY KEY (`employee_id`,`project_id`),
  ADD KEY `employee_project_project_id_foreign` (`project_id`);

--
-- Indexes for table `employee_qualificaitons`
--
ALTER TABLE `employee_qualificaitons`
  ADD PRIMARY KEY (`id`),
  ADD KEY `employee_qualificaitons_employee_id_foreign` (`employee_id`),
  ADD KEY `employee_qualificaitons_education_level_id_foreign` (`education_level_id`),
  ADD KEY `employee_qualificaitons_language_skill_id_foreign` (`language_skill_id`),
  ADD KEY `employee_qualificaitons_general_skill_id_foreign` (`general_skill_id`);

--
-- Indexes for table `employee_support_ticket`
--
ALTER TABLE `employee_support_ticket`
  ADD PRIMARY KEY (`employee_id`,`support_ticket_id`),
  ADD KEY `employee_support_ticket_support_ticket_id_foreign` (`support_ticket_id`);

--
-- Indexes for table `employee_task`
--
ALTER TABLE `employee_task`
  ADD PRIMARY KEY (`employee_id`,`task_id`),
  ADD KEY `employee_task_task_id_foreign` (`task_id`);

--
-- Indexes for table `employee_training_list`
--
ALTER TABLE `employee_training_list`
  ADD PRIMARY KEY (`employee_id`,`training_list_id`),
  ADD KEY `employee_training_list_training_list_id_foreign` (`training_list_id`);

--
-- Indexes for table `employee_work_experience`
--
ALTER TABLE `employee_work_experience`
  ADD PRIMARY KEY (`id`),
  ADD KEY `employee_work_experience_employee_id_foreign` (`employee_id`);

--
-- Indexes for table `events`
--
ALTER TABLE `events`
  ADD PRIMARY KEY (`id`),
  ADD KEY `events_company_id_foreign` (`company_id`),
  ADD KEY `events_department_id_foreign` (`department_id`);

--
-- Indexes for table `expense_types`
--
ALTER TABLE `expense_types`
  ADD PRIMARY KEY (`id`),
  ADD KEY `expense_types_company_id_foreign` (`company_id`);

--
-- Indexes for table `failed_jobs`
--
ALTER TABLE `failed_jobs`
  ADD PRIMARY KEY (`id`);

--
-- Indexes for table `file_managers`
--
ALTER TABLE `file_managers`
  ADD PRIMARY KEY (`id`),
  ADD KEY `file_managers_department_id_foreign` (`department_id`),
  ADD KEY `file_managers_added_by_foreign` (`added_by`);

--
-- Indexes for table `file_manager_settings`
--
ALTER TABLE `file_manager_settings`
  ADD PRIMARY KEY (`id`);

--
-- Indexes for table `finance_bank_cashes`
--
ALTER TABLE `finance_bank_cashes`
  ADD PRIMARY KEY (`id`);

--
-- Indexes for table `finance_deposits`
--
ALTER TABLE `finance_deposits`
  ADD PRIMARY KEY (`id`),
  ADD KEY `finance_deposits_company_id_foreign` (`company_id`),
  ADD KEY `finance_deposits_account_id_foreign` (`account_id`),
  ADD KEY `finance_deposits_payment_method_id_foreign` (`payment_method_id`),
  ADD KEY `finance_deposits_payer_id_foreign` (`payer_id`);

--
-- Indexes for table `finance_expenses`
--
ALTER TABLE `finance_expenses`
  ADD PRIMARY KEY (`id`),
  ADD KEY `finance_expenses_company_id_foreign` (`company_id`),
  ADD KEY `finance_expenses_account_id_foreign` (`account_id`),
  ADD KEY `finance_expenses_payment_method_id_foreign` (`payment_method_id`),
  ADD KEY `finance_expenses_payee_id_foreign` (`payee_id`),
  ADD KEY `finance_expenses_category_id_foreign` (`category_id`);

--
-- Indexes for table `finance_payees`
--
ALTER TABLE `finance_payees`
  ADD PRIMARY KEY (`id`);

--
-- Indexes for table `finance_payers`
--
ALTER TABLE `finance_payers`
  ADD PRIMARY KEY (`id`);

--
-- Indexes for table `finance_transactions`
--
ALTER TABLE `finance_transactions`
  ADD PRIMARY KEY (`id`),
  ADD KEY `finance_transactions_company_id_foreign` (`company_id`),
  ADD KEY `finance_transactions_account_id_foreign` (`account_id`),
  ADD KEY `finance_transactions_payment_method_id_foreign` (`payment_method_id`),
  ADD KEY `finance_transactions_payee_id_foreign` (`payee_id`),
  ADD KEY `finance_transactions_payer_id_foreign` (`payer_id`),
  ADD KEY `finance_transactions_category_id_foreign` (`category_id`);

--
-- Indexes for table `finance_transfers`
--
ALTER TABLE `finance_transfers`
  ADD PRIMARY KEY (`id`),
  ADD KEY `finance_transfers_company_id_foreign` (`company_id`),
  ADD KEY `finance_transfers_from_account_id_foreign` (`from_account_id`),
  ADD KEY `finance_transfers_to_account_id_foreign` (`to_account_id`),
  ADD KEY `finance_transfers_payment_method_id_foreign` (`payment_method_id`);

--
-- Indexes for table `general_settings`
--
ALTER TABLE `general_settings`
  ADD PRIMARY KEY (`id`);

--
-- Indexes for table `goal_trackings`
--
ALTER TABLE `goal_trackings`
  ADD PRIMARY KEY (`id`);

--
-- Indexes for table `goal_types`
--
ALTER TABLE `goal_types`
  ADD PRIMARY KEY (`id`);

--
-- Indexes for table `holidays`
--
ALTER TABLE `holidays`
  ADD PRIMARY KEY (`id`),
  ADD KEY `holidays_company_id_foreign` (`company_id`),
  ADD KEY `holidays_department_id_foreign` (`department_id`);

--
-- Indexes for table `indicators`
--
ALTER TABLE `indicators`
  ADD PRIMARY KEY (`id`);

--
-- Indexes for table `invoices`
--
ALTER TABLE `invoices`
  ADD PRIMARY KEY (`id`),
  ADD KEY `invoices_client_id_foreign` (`client_id`),
  ADD KEY `invoices_project_id_foreign` (`project_id`);

--
-- Indexes for table `invoice_items`
--
ALTER TABLE `invoice_items`
  ADD PRIMARY KEY (`id`),
  ADD KEY `invoice_items_invoice_id_foreign` (`invoice_id`),
  ADD KEY `invoice_items_project_id_foreign` (`project_id`);

--
-- Indexes for table `ip_settings`
--
ALTER TABLE `ip_settings`
  ADD PRIMARY KEY (`id`);

--
-- Indexes for table `job_candidates`
--
ALTER TABLE `job_candidates`
  ADD PRIMARY KEY (`id`),
  ADD KEY `job_candidates_job_id_foreign` (`job_id`);

--
-- Indexes for table `job_categories`
--
ALTER TABLE `job_categories`
  ADD PRIMARY KEY (`id`);

--
-- Indexes for table `job_interviews`
--
ALTER TABLE `job_interviews`
  ADD PRIMARY KEY (`id`),
  ADD KEY `job_interviews_job_id_foreign` (`job_id`),
  ADD KEY `job_interviews_added_by_foreign` (`added_by`);

--
-- Indexes for table `job_posts`
--
ALTER TABLE `job_posts`
  ADD PRIMARY KEY (`id`),
  ADD KEY `job_posts_job_category_id_foreign` (`job_category_id`),
  ADD KEY `job_posts_company_id_foreign` (`company_id`);

--
-- Indexes for table `leaves`
--
ALTER TABLE `leaves`
  ADD PRIMARY KEY (`id`),
  ADD KEY `leaves_company_id_foreign` (`company_id`),
  ADD KEY `leaves_employee_id_foreign` (`employee_id`),
  ADD KEY `leaves_leave_type_id_foreign` (`leave_type_id`),
  ADD KEY `leaves_department_id_foreign` (`department_id`);

--
-- Indexes for table `leave_types`
--
ALTER TABLE `leave_types`
  ADD PRIMARY KEY (`id`),
  ADD KEY `leave_types_company_id_foreign` (`company_id`);

--
-- Indexes for table `locations`
--
ALTER TABLE `locations`
  ADD PRIMARY KEY (`id`),
  ADD KEY `locations_location_head_foreign` (`location_head`),
  ADD KEY `locations_country_foreign` (`country`);

--
-- Indexes for table `meetings`
--
ALTER TABLE `meetings`
  ADD PRIMARY KEY (`id`),
  ADD KEY `meetings_company_id_foreign` (`company_id`);

--
-- Indexes for table `migrations`
--
ALTER TABLE `migrations`
  ADD PRIMARY KEY (`id`);

--
-- Indexes for table `model_has_permissions`
--
ALTER TABLE `model_has_permissions`
  ADD PRIMARY KEY (`permission_id`,`model_id`,`model_type`),
  ADD KEY `model_has_permissions_model_id_model_type_index` (`model_id`,`model_type`);

--
-- Indexes for table `model_has_roles`
--
ALTER TABLE `model_has_roles`
  ADD PRIMARY KEY (`role_id`,`model_id`,`model_type`),
  ADD KEY `model_has_roles_model_id_model_type_index` (`model_id`,`model_type`);

--
-- Indexes for table `notifications`
--
ALTER TABLE `notifications`
  ADD PRIMARY KEY (`id`),
  ADD KEY `notifications_notifiable_type_notifiable_id_index` (`notifiable_type`,`notifiable_id`);

--
-- Indexes for table `office_shifts`
--
ALTER TABLE `office_shifts`
  ADD PRIMARY KEY (`id`),
  ADD KEY `office_shifts_company_id_foreign` (`company_id`);

--
-- Indexes for table `official_documents`
--
ALTER TABLE `official_documents`
  ADD PRIMARY KEY (`id`),
  ADD KEY `official_documents_company_id_foreign` (`company_id`),
  ADD KEY `official_documents_document_type_id_foreign` (`document_type_id`),
  ADD KEY `official_documents_added_by_foreign` (`added_by`);

--
-- Indexes for table `password_resets`
--
ALTER TABLE `password_resets`
  ADD KEY `password_resets_email_index` (`email`);

--
-- Indexes for table `payment_methods`
--
ALTER TABLE `payment_methods`
  ADD PRIMARY KEY (`id`),
  ADD KEY `payment_methods_company_id_foreign` (`company_id`);

--
-- Indexes for table `payslips`
--
ALTER TABLE `payslips`
  ADD PRIMARY KEY (`id`),
  ADD KEY `payslips_employee_id_foreign` (`employee_id`);

--
-- Indexes for table `permissions`
--
ALTER TABLE `permissions`
  ADD PRIMARY KEY (`id`);

--
-- Indexes for table `policies`
--
ALTER TABLE `policies`
  ADD PRIMARY KEY (`id`),
  ADD KEY `policies_company_id_foreign` (`company_id`),
  ADD KEY `policies_added_by_foreign` (`added_by`);

--
-- Indexes for table `projects`
--
ALTER TABLE `projects`
  ADD PRIMARY KEY (`id`),
  ADD KEY `projects_client_id_foreign` (`client_id`),
  ADD KEY `projects_company_id_foreign` (`company_id`),
  ADD KEY `projects_added_by_foreign` (`added_by`);

--
-- Indexes for table `project_bugs`
--
ALTER TABLE `project_bugs`
  ADD PRIMARY KEY (`id`),
  ADD KEY `project_bugs_user_id_foreign` (`user_id`),
  ADD KEY `project_bugs_project_id_foreign` (`project_id`);

--
-- Indexes for table `project_discussions`
--
ALTER TABLE `project_discussions`
  ADD PRIMARY KEY (`id`),
  ADD KEY `project_discussions_user_id_foreign` (`user_id`),
  ADD KEY `project_discussions_project_id_foreign` (`project_id`);

--
-- Indexes for table `project_files`
--
ALTER TABLE `project_files`
  ADD PRIMARY KEY (`id`),
  ADD KEY `project_files_user_id_foreign` (`user_id`),
  ADD KEY `project_files_project_id_foreign` (`project_id`);

--
-- Indexes for table `promotions`
--
ALTER TABLE `promotions`
  ADD PRIMARY KEY (`id`),
  ADD KEY `promotions_company_id_foreign` (`company_id`),
  ADD KEY `promotions_employee_id_foreign` (`employee_id`);

--
-- Indexes for table `qualification_education_levels`
--
ALTER TABLE `qualification_education_levels`
  ADD PRIMARY KEY (`id`),
  ADD KEY `qualification_education_levels_company_id_foreign` (`company_id`);

--
-- Indexes for table `qualification_languages`
--
ALTER TABLE `qualification_languages`
  ADD PRIMARY KEY (`id`),
  ADD KEY `qualification_languages_company_id_foreign` (`company_id`);

--
-- Indexes for table `qualification_skills`
--
ALTER TABLE `qualification_skills`
  ADD PRIMARY KEY (`id`),
  ADD KEY `qualification_skills_company_id_foreign` (`company_id`);

--
-- Indexes for table `resignations`
--
ALTER TABLE `resignations`
  ADD PRIMARY KEY (`id`),
  ADD KEY `resignations_company_id_foreign` (`company_id`),
  ADD KEY `resignations_department_id_foreign` (`department_id`),
  ADD KEY `resignations_employee_id_foreign` (`employee_id`);

--
-- Indexes for table `roles`
--
ALTER TABLE `roles`
  ADD PRIMARY KEY (`id`);

--
-- Indexes for table `role_has_permissions`
--
ALTER TABLE `role_has_permissions`
  ADD PRIMARY KEY (`permission_id`,`role_id`),
  ADD KEY `role_has_permissions_role_id_foreign` (`role_id`);

--
-- Indexes for table `salary_allowances`
--
ALTER TABLE `salary_allowances`
  ADD PRIMARY KEY (`id`),
  ADD KEY `salary_allowances_employee_id_foreign` (`employee_id`);

--
-- Indexes for table `salary_basics`
--
ALTER TABLE `salary_basics`
  ADD PRIMARY KEY (`id`),
  ADD KEY `salary_basics_employee_id_foreign` (`employee_id`);

--
-- Indexes for table `salary_commissions`
--
ALTER TABLE `salary_commissions`
  ADD PRIMARY KEY (`id`),
  ADD KEY `salary_commissions_employee_id_foreign` (`employee_id`);

--
-- Indexes for table `salary_deductions`
--
ALTER TABLE `salary_deductions`
  ADD PRIMARY KEY (`id`),
  ADD KEY `salary_deductions_employee_id_foreign` (`employee_id`);

--
-- Indexes for table `salary_loans`
--
ALTER TABLE `salary_loans`
  ADD PRIMARY KEY (`id`),
  ADD KEY `salary_loans_employee_id_foreign` (`employee_id`);

--
-- Indexes for table `salary_other_payments`
--
ALTER TABLE `salary_other_payments`
  ADD PRIMARY KEY (`id`),
  ADD KEY `salary_other_payments_employee_id_foreign` (`employee_id`);

--
-- Indexes for table `salary_overtimes`
--
ALTER TABLE `salary_overtimes`
  ADD PRIMARY KEY (`id`),
  ADD KEY `salary_overtimes_employee_id_foreign` (`employee_id`);

--
-- Indexes for table `statuses`
--
ALTER TABLE `statuses`
  ADD PRIMARY KEY (`id`);

--
-- Indexes for table `support_tickets`
--
ALTER TABLE `support_tickets`
  ADD PRIMARY KEY (`id`),
  ADD UNIQUE KEY `support_tickets_ticket_code_unique` (`ticket_code`),
  ADD KEY `support_tickets_company_id_foreign` (`company_id`),
  ADD KEY `support_tickets_department_id_foreign` (`department_id`),
  ADD KEY `support_tickets_employee_id_foreign` (`employee_id`);

--
-- Indexes for table `tasks`
--
ALTER TABLE `tasks`
  ADD PRIMARY KEY (`id`),
  ADD KEY `tasks_project_id_foreign` (`project_id`),
  ADD KEY `tasks_company_id_foreign` (`company_id`),
  ADD KEY `tasks_added_by_foreign` (`added_by`);

--
-- Indexes for table `task_discussions`
--
ALTER TABLE `task_discussions`
  ADD PRIMARY KEY (`id`),
  ADD KEY `task_discussions_user_id_foreign` (`user_id`),
  ADD KEY `task_discussions_task_id_foreign` (`task_id`);

--
-- Indexes for table `task_files`
--
ALTER TABLE `task_files`
  ADD PRIMARY KEY (`id`),
  ADD KEY `task_files_user_id_foreign` (`user_id`),
  ADD KEY `task_files_task_id_foreign` (`task_id`);

--
-- Indexes for table `tax_types`
--
ALTER TABLE `tax_types`
  ADD PRIMARY KEY (`id`);

--
-- Indexes for table `terminations`
--
ALTER TABLE `terminations`
  ADD PRIMARY KEY (`id`),
  ADD KEY `terminations_company_id_foreign` (`company_id`),
  ADD KEY `terminations_terminated_employee_foreign` (`terminated_employee`),
  ADD KEY `terminations_termination_type_foreign` (`termination_type`);

--
-- Indexes for table `termination_types`
--
ALTER TABLE `termination_types`
  ADD PRIMARY KEY (`id`);

--
-- Indexes for table `ticket_comments`
--
ALTER TABLE `ticket_comments`
  ADD PRIMARY KEY (`id`),
  ADD KEY `ticket_comments_ticket_id_foreign` (`ticket_id`),
  ADD KEY `ticket_comments_user_id_foreign` (`user_id`);

--
-- Indexes for table `trainers`
--
ALTER TABLE `trainers`
  ADD PRIMARY KEY (`id`),
  ADD KEY `trainers_company_id_foreign` (`company_id`);

--
-- Indexes for table `training_lists`
--
ALTER TABLE `training_lists`
  ADD PRIMARY KEY (`id`),
  ADD KEY `training_lists_company_id_foreign` (`company_id`),
  ADD KEY `training_lists_trainer_id_foreign` (`trainer_id`),
  ADD KEY `training_lists_training_type_id_foreign` (`training_type_id`);

--
-- Indexes for table `training_types`
--
ALTER TABLE `training_types`
  ADD PRIMARY KEY (`id`);

--
-- Indexes for table `transfers`
--
ALTER TABLE `transfers`
  ADD PRIMARY KEY (`id`),
  ADD KEY `transfers_company_id_foreign` (`company_id`),
  ADD KEY `transfers_from_department_id_foreign` (`from_department_id`),
  ADD KEY `transfers_to_department_id_foreign` (`to_department_id`),
  ADD KEY `transfers_employee_id_foreign` (`employee_id`);

--
-- Indexes for table `travels`
--
ALTER TABLE `travels`
  ADD PRIMARY KEY (`id`),
  ADD KEY `travels_company_id_foreign` (`company_id`),
  ADD KEY `travels_employee_id_foreign` (`employee_id`),
  ADD KEY `travels_travel_type_foreign` (`travel_type`);

--
-- Indexes for table `travel_types`
--
ALTER TABLE `travel_types`
  ADD PRIMARY KEY (`id`),
  ADD KEY `travel_types_company_id_foreign` (`company_id`);

--
-- Indexes for table `users`
--
ALTER TABLE `users`
  ADD PRIMARY KEY (`id`),
  ADD UNIQUE KEY `users_email_unique` (`email`),
  ADD KEY `users_role_users_id_foreign` (`role_users_id`);

--
-- Indexes for table `warnings`
--
ALTER TABLE `warnings`
  ADD PRIMARY KEY (`id`),
  ADD KEY `warnings_company_id_foreign` (`company_id`),
  ADD KEY `warnings_warning_to_foreign` (`warning_to`),
  ADD KEY `warnings_warning_type_foreign` (`warning_type`);

--
-- Indexes for table `warnings_type`
--
ALTER TABLE `warnings_type`
  ADD PRIMARY KEY (`id`);

--
-- AUTO_INCREMENT for dumped tables
--

--
-- AUTO_INCREMENT for table `announcements`
--
ALTER TABLE `announcements`
  MODIFY `id` bigint(20) UNSIGNED NOT NULL AUTO_INCREMENT, AUTO_INCREMENT=2;

--
-- AUTO_INCREMENT for table `appraisals`
--
ALTER TABLE `appraisals`
  MODIFY `id` bigint(20) UNSIGNED NOT NULL AUTO_INCREMENT;

--
-- AUTO_INCREMENT for table `assets`
--
ALTER TABLE `assets`
  MODIFY `id` bigint(20) UNSIGNED NOT NULL AUTO_INCREMENT;

--
-- AUTO_INCREMENT for table `asset_categories`
--
ALTER TABLE `asset_categories`
  MODIFY `id` bigint(20) UNSIGNED NOT NULL AUTO_INCREMENT;

--
-- AUTO_INCREMENT for table `attendances`
--
ALTER TABLE `attendances`
  MODIFY `id` bigint(20) UNSIGNED NOT NULL AUTO_INCREMENT, AUTO_INCREMENT=3;

--
-- AUTO_INCREMENT for table `awards`
--
ALTER TABLE `awards`
  MODIFY `id` bigint(20) UNSIGNED NOT NULL AUTO_INCREMENT;

--
-- AUTO_INCREMENT for table `award_types`
--
ALTER TABLE `award_types`
  MODIFY `id` bigint(20) UNSIGNED NOT NULL AUTO_INCREMENT;

--
-- AUTO_INCREMENT for table `calendarables`
--
ALTER TABLE `calendarables`
  MODIFY `id` bigint(20) UNSIGNED NOT NULL AUTO_INCREMENT;

--
-- AUTO_INCREMENT for table `clients`
--
ALTER TABLE `clients`
  MODIFY `id` bigint(20) UNSIGNED NOT NULL AUTO_INCREMENT;

--
-- AUTO_INCREMENT for table `companies`
--
ALTER TABLE `companies`
  MODIFY `id` bigint(20) UNSIGNED NOT NULL AUTO_INCREMENT, AUTO_INCREMENT=3;

--
-- AUTO_INCREMENT for table `complaints`
--
ALTER TABLE `complaints`
  MODIFY `id` bigint(20) UNSIGNED NOT NULL AUTO_INCREMENT;

--
-- AUTO_INCREMENT for table `countries`
--
ALTER TABLE `countries`
  MODIFY `id` int(10) UNSIGNED NOT NULL AUTO_INCREMENT, AUTO_INCREMENT=240;

--
-- AUTO_INCREMENT for table `c_m_s`
--
ALTER TABLE `c_m_s`
  MODIFY `id` bigint(20) UNSIGNED NOT NULL AUTO_INCREMENT;

--
-- AUTO_INCREMENT for table `departments`
--
ALTER TABLE `departments`
  MODIFY `id` bigint(20) UNSIGNED NOT NULL AUTO_INCREMENT, AUTO_INCREMENT=2;

--
-- AUTO_INCREMENT for table `designations`
--
ALTER TABLE `designations`
  MODIFY `id` bigint(20) UNSIGNED NOT NULL AUTO_INCREMENT, AUTO_INCREMENT=2;

--
-- AUTO_INCREMENT for table `document_types`
--
ALTER TABLE `document_types`
  MODIFY `id` bigint(20) UNSIGNED NOT NULL AUTO_INCREMENT;

--
-- AUTO_INCREMENT for table `employees`
--
ALTER TABLE `employees`
  MODIFY `id` bigint(20) UNSIGNED NOT NULL AUTO_INCREMENT, AUTO_INCREMENT=50;

--
-- AUTO_INCREMENT for table `employee_bank_accounts`
--
ALTER TABLE `employee_bank_accounts`
  MODIFY `id` bigint(20) UNSIGNED NOT NULL AUTO_INCREMENT;

--
-- AUTO_INCREMENT for table `employee_contacts`
--
ALTER TABLE `employee_contacts`
  MODIFY `id` bigint(20) UNSIGNED NOT NULL AUTO_INCREMENT;

--
-- AUTO_INCREMENT for table `employee_documents`
--
ALTER TABLE `employee_documents`
  MODIFY `id` bigint(20) UNSIGNED NOT NULL AUTO_INCREMENT;

--
-- AUTO_INCREMENT for table `employee_immigrations`
--
ALTER TABLE `employee_immigrations`
  MODIFY `id` bigint(20) UNSIGNED NOT NULL AUTO_INCREMENT;

--
-- AUTO_INCREMENT for table `employee_qualificaitons`
--
ALTER TABLE `employee_qualificaitons`
  MODIFY `id` bigint(20) UNSIGNED NOT NULL AUTO_INCREMENT;

--
-- AUTO_INCREMENT for table `employee_work_experience`
--
ALTER TABLE `employee_work_experience`
  MODIFY `id` bigint(20) UNSIGNED NOT NULL AUTO_INCREMENT;

--
-- AUTO_INCREMENT for table `events`
--
ALTER TABLE `events`
  MODIFY `id` bigint(20) UNSIGNED NOT NULL AUTO_INCREMENT;

--
-- AUTO_INCREMENT for table `expense_types`
--
ALTER TABLE `expense_types`
  MODIFY `id` bigint(20) UNSIGNED NOT NULL AUTO_INCREMENT;

--
-- AUTO_INCREMENT for table `failed_jobs`
--
ALTER TABLE `failed_jobs`
  MODIFY `id` bigint(20) UNSIGNED NOT NULL AUTO_INCREMENT;

--
-- AUTO_INCREMENT for table `file_managers`
--
ALTER TABLE `file_managers`
  MODIFY `id` bigint(20) UNSIGNED NOT NULL AUTO_INCREMENT;

--
-- AUTO_INCREMENT for table `file_manager_settings`
--
ALTER TABLE `file_manager_settings`
  MODIFY `id` bigint(20) UNSIGNED NOT NULL AUTO_INCREMENT;

--
-- AUTO_INCREMENT for table `finance_bank_cashes`
--
ALTER TABLE `finance_bank_cashes`
  MODIFY `id` bigint(20) UNSIGNED NOT NULL AUTO_INCREMENT, AUTO_INCREMENT=2;

--
-- AUTO_INCREMENT for table `finance_deposits`
--
ALTER TABLE `finance_deposits`
  MODIFY `id` bigint(20) UNSIGNED NOT NULL AUTO_INCREMENT;

--
-- AUTO_INCREMENT for table `finance_expenses`
--
ALTER TABLE `finance_expenses`
  MODIFY `id` bigint(20) UNSIGNED NOT NULL AUTO_INCREMENT, AUTO_INCREMENT=3;

--
-- AUTO_INCREMENT for table `finance_payees`
--
ALTER TABLE `finance_payees`
  MODIFY `id` bigint(20) UNSIGNED NOT NULL AUTO_INCREMENT;

--
-- AUTO_INCREMENT for table `finance_payers`
--
ALTER TABLE `finance_payers`
  MODIFY `id` bigint(20) UNSIGNED NOT NULL AUTO_INCREMENT;

--
-- AUTO_INCREMENT for table `finance_transactions`
--
ALTER TABLE `finance_transactions`
  MODIFY `id` bigint(20) UNSIGNED NOT NULL AUTO_INCREMENT, AUTO_INCREMENT=3;

--
-- AUTO_INCREMENT for table `finance_transfers`
--
ALTER TABLE `finance_transfers`
  MODIFY `id` bigint(20) UNSIGNED NOT NULL AUTO_INCREMENT;

--
-- AUTO_INCREMENT for table `general_settings`
--
ALTER TABLE `general_settings`
  MODIFY `id` int(10) UNSIGNED NOT NULL AUTO_INCREMENT, AUTO_INCREMENT=2;

--
-- AUTO_INCREMENT for table `goal_trackings`
--
ALTER TABLE `goal_trackings`
  MODIFY `id` bigint(20) UNSIGNED NOT NULL AUTO_INCREMENT;

--
-- AUTO_INCREMENT for table `goal_types`
--
ALTER TABLE `goal_types`
  MODIFY `id` bigint(20) UNSIGNED NOT NULL AUTO_INCREMENT;

--
-- AUTO_INCREMENT for table `holidays`
--
ALTER TABLE `holidays`
  MODIFY `id` bigint(20) UNSIGNED NOT NULL AUTO_INCREMENT, AUTO_INCREMENT=2;

--
-- AUTO_INCREMENT for table `indicators`
--
ALTER TABLE `indicators`
  MODIFY `id` bigint(20) UNSIGNED NOT NULL AUTO_INCREMENT;

--
-- AUTO_INCREMENT for table `invoices`
--
ALTER TABLE `invoices`
  MODIFY `id` bigint(20) UNSIGNED NOT NULL AUTO_INCREMENT;

--
-- AUTO_INCREMENT for table `invoice_items`
--
ALTER TABLE `invoice_items`
  MODIFY `id` bigint(20) UNSIGNED NOT NULL AUTO_INCREMENT;

--
-- AUTO_INCREMENT for table `ip_settings`
--
ALTER TABLE `ip_settings`
  MODIFY `id` bigint(20) UNSIGNED NOT NULL AUTO_INCREMENT;

--
-- AUTO_INCREMENT for table `job_candidates`
--
ALTER TABLE `job_candidates`
  MODIFY `id` bigint(20) UNSIGNED NOT NULL AUTO_INCREMENT;

--
-- AUTO_INCREMENT for table `job_categories`
--
ALTER TABLE `job_categories`
  MODIFY `id` bigint(20) UNSIGNED NOT NULL AUTO_INCREMENT;

--
-- AUTO_INCREMENT for table `job_interviews`
--
ALTER TABLE `job_interviews`
  MODIFY `id` bigint(20) UNSIGNED NOT NULL AUTO_INCREMENT;

--
-- AUTO_INCREMENT for table `job_posts`
--
ALTER TABLE `job_posts`
  MODIFY `id` bigint(20) UNSIGNED NOT NULL AUTO_INCREMENT;

--
-- AUTO_INCREMENT for table `leaves`
--
ALTER TABLE `leaves`
  MODIFY `id` bigint(20) UNSIGNED NOT NULL AUTO_INCREMENT;

--
-- AUTO_INCREMENT for table `leave_types`
--
ALTER TABLE `leave_types`
  MODIFY `id` bigint(20) UNSIGNED NOT NULL AUTO_INCREMENT, AUTO_INCREMENT=2;

--
-- AUTO_INCREMENT for table `locations`
--
ALTER TABLE `locations`
  MODIFY `id` bigint(20) UNSIGNED NOT NULL AUTO_INCREMENT, AUTO_INCREMENT=2;

--
-- AUTO_INCREMENT for table `meetings`
--
ALTER TABLE `meetings`
  MODIFY `id` bigint(20) UNSIGNED NOT NULL AUTO_INCREMENT;

--
-- AUTO_INCREMENT for table `migrations`
--
ALTER TABLE `migrations`
  MODIFY `id` int(10) UNSIGNED NOT NULL AUTO_INCREMENT, AUTO_INCREMENT=107;

--
-- AUTO_INCREMENT for table `office_shifts`
--
ALTER TABLE `office_shifts`
  MODIFY `id` bigint(20) UNSIGNED NOT NULL AUTO_INCREMENT, AUTO_INCREMENT=2;

--
-- AUTO_INCREMENT for table `official_documents`
--
ALTER TABLE `official_documents`
  MODIFY `id` bigint(20) UNSIGNED NOT NULL AUTO_INCREMENT;

--
-- AUTO_INCREMENT for table `payment_methods`
--
ALTER TABLE `payment_methods`
  MODIFY `id` bigint(20) UNSIGNED NOT NULL AUTO_INCREMENT;

--
-- AUTO_INCREMENT for table `payslips`
--
ALTER TABLE `payslips`
  MODIFY `id` bigint(20) UNSIGNED NOT NULL AUTO_INCREMENT, AUTO_INCREMENT=3;

--
-- AUTO_INCREMENT for table `permissions`
--
ALTER TABLE `permissions`
  MODIFY `id` bigint(20) UNSIGNED NOT NULL AUTO_INCREMENT, AUTO_INCREMENT=293;

--
-- AUTO_INCREMENT for table `policies`
--
ALTER TABLE `policies`
  MODIFY `id` bigint(20) UNSIGNED NOT NULL AUTO_INCREMENT, AUTO_INCREMENT=2;

--
-- AUTO_INCREMENT for table `projects`
--
ALTER TABLE `projects`
  MODIFY `id` bigint(20) UNSIGNED NOT NULL AUTO_INCREMENT;

--
-- AUTO_INCREMENT for table `project_bugs`
--
ALTER TABLE `project_bugs`
  MODIFY `id` bigint(20) UNSIGNED NOT NULL AUTO_INCREMENT;

--
-- AUTO_INCREMENT for table `project_discussions`
--
ALTER TABLE `project_discussions`
  MODIFY `id` bigint(20) UNSIGNED NOT NULL AUTO_INCREMENT;

--
-- AUTO_INCREMENT for table `project_files`
--
ALTER TABLE `project_files`
  MODIFY `id` bigint(20) UNSIGNED NOT NULL AUTO_INCREMENT;

--
-- AUTO_INCREMENT for table `promotions`
--
ALTER TABLE `promotions`
  MODIFY `id` bigint(20) UNSIGNED NOT NULL AUTO_INCREMENT;

--
-- AUTO_INCREMENT for table `qualification_education_levels`
--
ALTER TABLE `qualification_education_levels`
  MODIFY `id` bigint(20) UNSIGNED NOT NULL AUTO_INCREMENT;

--
-- AUTO_INCREMENT for table `qualification_languages`
--
ALTER TABLE `qualification_languages`
  MODIFY `id` bigint(20) UNSIGNED NOT NULL AUTO_INCREMENT;

--
-- AUTO_INCREMENT for table `qualification_skills`
--
ALTER TABLE `qualification_skills`
  MODIFY `id` bigint(20) UNSIGNED NOT NULL AUTO_INCREMENT;

--
-- AUTO_INCREMENT for table `resignations`
--
ALTER TABLE `resignations`
  MODIFY `id` bigint(20) UNSIGNED NOT NULL AUTO_INCREMENT;

--
-- AUTO_INCREMENT for table `roles`
--
ALTER TABLE `roles`
  MODIFY `id` bigint(20) UNSIGNED NOT NULL AUTO_INCREMENT, AUTO_INCREMENT=6;

--
-- AUTO_INCREMENT for table `salary_allowances`
--
ALTER TABLE `salary_allowances`
  MODIFY `id` bigint(20) UNSIGNED NOT NULL AUTO_INCREMENT;

--
-- AUTO_INCREMENT for table `salary_basics`
--
ALTER TABLE `salary_basics`
  MODIFY `id` bigint(20) UNSIGNED NOT NULL AUTO_INCREMENT, AUTO_INCREMENT=3;

--
-- AUTO_INCREMENT for table `salary_commissions`
--
ALTER TABLE `salary_commissions`
  MODIFY `id` bigint(20) UNSIGNED NOT NULL AUTO_INCREMENT;

--
-- AUTO_INCREMENT for table `salary_deductions`
--
ALTER TABLE `salary_deductions`
  MODIFY `id` bigint(20) UNSIGNED NOT NULL AUTO_INCREMENT;

--
-- AUTO_INCREMENT for table `salary_loans`
--
ALTER TABLE `salary_loans`
  MODIFY `id` bigint(20) UNSIGNED NOT NULL AUTO_INCREMENT;

--
-- AUTO_INCREMENT for table `salary_other_payments`
--
ALTER TABLE `salary_other_payments`
  MODIFY `id` bigint(20) UNSIGNED NOT NULL AUTO_INCREMENT;

--
-- AUTO_INCREMENT for table `salary_overtimes`
--
ALTER TABLE `salary_overtimes`
  MODIFY `id` bigint(20) UNSIGNED NOT NULL AUTO_INCREMENT, AUTO_INCREMENT=2;

--
-- AUTO_INCREMENT for table `statuses`
--
ALTER TABLE `statuses`
  MODIFY `id` bigint(20) UNSIGNED NOT NULL AUTO_INCREMENT, AUTO_INCREMENT=2;

--
-- AUTO_INCREMENT for table `support_tickets`
--
ALTER TABLE `support_tickets`
  MODIFY `id` bigint(20) UNSIGNED NOT NULL AUTO_INCREMENT;

--
-- AUTO_INCREMENT for table `tasks`
--
ALTER TABLE `tasks`
  MODIFY `id` bigint(20) UNSIGNED NOT NULL AUTO_INCREMENT;

--
-- AUTO_INCREMENT for table `task_discussions`
--
ALTER TABLE `task_discussions`
  MODIFY `id` bigint(20) UNSIGNED NOT NULL AUTO_INCREMENT;

--
-- AUTO_INCREMENT for table `task_files`
--
ALTER TABLE `task_files`
  MODIFY `id` bigint(20) UNSIGNED NOT NULL AUTO_INCREMENT;

--
-- AUTO_INCREMENT for table `tax_types`
--
ALTER TABLE `tax_types`
  MODIFY `id` bigint(20) UNSIGNED NOT NULL AUTO_INCREMENT;

--
-- AUTO_INCREMENT for table `terminations`
--
ALTER TABLE `terminations`
  MODIFY `id` bigint(20) UNSIGNED NOT NULL AUTO_INCREMENT;

--
-- AUTO_INCREMENT for table `termination_types`
--
ALTER TABLE `termination_types`
  MODIFY `id` bigint(20) UNSIGNED NOT NULL AUTO_INCREMENT;

--
-- AUTO_INCREMENT for table `ticket_comments`
--
ALTER TABLE `ticket_comments`
  MODIFY `id` bigint(20) UNSIGNED NOT NULL AUTO_INCREMENT;

--
-- AUTO_INCREMENT for table `trainers`
--
ALTER TABLE `trainers`
  MODIFY `id` bigint(20) UNSIGNED NOT NULL AUTO_INCREMENT;

--
-- AUTO_INCREMENT for table `training_lists`
--
ALTER TABLE `training_lists`
  MODIFY `id` bigint(20) UNSIGNED NOT NULL AUTO_INCREMENT;

--
-- AUTO_INCREMENT for table `training_types`
--
ALTER TABLE `training_types`
  MODIFY `id` bigint(20) UNSIGNED NOT NULL AUTO_INCREMENT;

--
-- AUTO_INCREMENT for table `transfers`
--
ALTER TABLE `transfers`
  MODIFY `id` bigint(20) UNSIGNED NOT NULL AUTO_INCREMENT;

--
-- AUTO_INCREMENT for table `travels`
--
ALTER TABLE `travels`
  MODIFY `id` bigint(20) UNSIGNED NOT NULL AUTO_INCREMENT;

--
-- AUTO_INCREMENT for table `travel_types`
--
ALTER TABLE `travel_types`
  MODIFY `id` bigint(20) UNSIGNED NOT NULL AUTO_INCREMENT;

--
-- AUTO_INCREMENT for table `users`
--
ALTER TABLE `users`
  MODIFY `id` bigint(20) UNSIGNED NOT NULL AUTO_INCREMENT, AUTO_INCREMENT=50;

--
-- AUTO_INCREMENT for table `warnings`
--
ALTER TABLE `warnings`
  MODIFY `id` bigint(20) UNSIGNED NOT NULL AUTO_INCREMENT;

--
-- AUTO_INCREMENT for table `warnings_type`
--
ALTER TABLE `warnings_type`
  MODIFY `id` bigint(20) UNSIGNED NOT NULL AUTO_INCREMENT;

--
-- Constraints for dumped tables
--

--
-- Constraints for table `announcements`
--
ALTER TABLE `announcements`
  ADD CONSTRAINT `announcements_company_id_foreign` FOREIGN KEY (`company_id`) REFERENCES `companies` (`id`) ON DELETE SET NULL,
  ADD CONSTRAINT `announcements_department_id_foreign` FOREIGN KEY (`department_id`) REFERENCES `departments` (`id`) ON DELETE SET NULL;

--
-- Constraints for table `assets`
--
ALTER TABLE `assets`
  ADD CONSTRAINT `assets_assets_category_id_foreign` FOREIGN KEY (`assets_category_id`) REFERENCES `asset_categories` (`id`) ON DELETE CASCADE,
  ADD CONSTRAINT `assets_company_id_foreign` FOREIGN KEY (`company_id`) REFERENCES `companies` (`id`) ON DELETE CASCADE,
  ADD CONSTRAINT `assets_employee_id_foreign` FOREIGN KEY (`employee_id`) REFERENCES `employees` (`id`) ON DELETE SET NULL;

--
-- Constraints for table `asset_categories`
--
ALTER TABLE `asset_categories`
  ADD CONSTRAINT `asset_categories_company_id_foreign` FOREIGN KEY (`company_id`) REFERENCES `companies` (`id`) ON DELETE CASCADE;

--
-- Constraints for table `attendances`
--
ALTER TABLE `attendances`
  ADD CONSTRAINT `attendances_employee_id_foreign` FOREIGN KEY (`employee_id`) REFERENCES `employees` (`id`) ON DELETE CASCADE;

--
-- Constraints for table `awards`
--
ALTER TABLE `awards`
  ADD CONSTRAINT `awards_award_type_id_foreign` FOREIGN KEY (`award_type_id`) REFERENCES `award_types` (`id`) ON DELETE SET NULL,
  ADD CONSTRAINT `awards_company_id_foreign` FOREIGN KEY (`company_id`) REFERENCES `companies` (`id`) ON DELETE SET NULL,
  ADD CONSTRAINT `awards_department_id_foreign` FOREIGN KEY (`department_id`) REFERENCES `departments` (`id`) ON DELETE SET NULL,
  ADD CONSTRAINT `awards_employee_id_foreign` FOREIGN KEY (`employee_id`) REFERENCES `employees` (`id`) ON DELETE CASCADE;

--
-- Constraints for table `candidate_interview`
--
ALTER TABLE `candidate_interview`
  ADD CONSTRAINT `candidate_interview_candidate_id_foreign` FOREIGN KEY (`candidate_id`) REFERENCES `job_candidates` (`id`) ON DELETE NO ACTION,
  ADD CONSTRAINT `candidate_interview_interview_id_foreign` FOREIGN KEY (`interview_id`) REFERENCES `job_interviews` (`id`) ON DELETE CASCADE;

--
-- Constraints for table `clients`
--
ALTER TABLE `clients`
  ADD CONSTRAINT `clients_id_foreign` FOREIGN KEY (`id`) REFERENCES `users` (`id`) ON DELETE CASCADE;

--
-- Constraints for table `companies`
--
ALTER TABLE `companies`
  ADD CONSTRAINT `companies_location_id_foreign` FOREIGN KEY (`location_id`) REFERENCES `locations` (`id`) ON DELETE SET NULL;

--
-- Constraints for table `complaints`
--
ALTER TABLE `complaints`
  ADD CONSTRAINT `complaints_company_id_foreign` FOREIGN KEY (`company_id`) REFERENCES `companies` (`id`) ON DELETE CASCADE,
  ADD CONSTRAINT `complaints_complaint_against_foreign` FOREIGN KEY (`complaint_against`) REFERENCES `employees` (`id`) ON DELETE CASCADE,
  ADD CONSTRAINT `complaints_complaint_from_foreign` FOREIGN KEY (`complaint_from`) REFERENCES `employees` (`id`) ON DELETE CASCADE;

--
-- Constraints for table `departments`
--
ALTER TABLE `departments`
  ADD CONSTRAINT `departments_company_id_foreign` FOREIGN KEY (`company_id`) REFERENCES `companies` (`id`) ON DELETE SET NULL,
  ADD CONSTRAINT `departments_department_head_foreign` FOREIGN KEY (`department_head`) REFERENCES `employees` (`id`) ON DELETE SET NULL;

--
-- Constraints for table `designations`
--
ALTER TABLE `designations`
  ADD CONSTRAINT `designations_company_id_foreign` FOREIGN KEY (`company_id`) REFERENCES `companies` (`id`) ON DELETE SET NULL,
  ADD CONSTRAINT `designations_department_id_foreign` FOREIGN KEY (`department_id`) REFERENCES `departments` (`id`) ON DELETE SET NULL;

--
-- Constraints for table `document_types`
--
ALTER TABLE `document_types`
  ADD CONSTRAINT `document_types_company_id_foreign` FOREIGN KEY (`company_id`) REFERENCES `companies` (`id`) ON DELETE SET NULL;

--
-- Constraints for table `employees`
--
ALTER TABLE `employees`
  ADD CONSTRAINT `employees_company_id_foreign` FOREIGN KEY (`company_id`) REFERENCES `companies` (`id`) ON DELETE SET NULL,
  ADD CONSTRAINT `employees_department_id_foreign` FOREIGN KEY (`department_id`) REFERENCES `departments` (`id`) ON DELETE SET NULL,
  ADD CONSTRAINT `employees_designation_id_foreign` FOREIGN KEY (`designation_id`) REFERENCES `designations` (`id`) ON DELETE SET NULL,
  ADD CONSTRAINT `employees_id_foreign` FOREIGN KEY (`id`) REFERENCES `users` (`id`) ON DELETE CASCADE,
  ADD CONSTRAINT `employees_location_id_foreign` FOREIGN KEY (`location_id`) REFERENCES `locations` (`id`) ON DELETE SET NULL,
  ADD CONSTRAINT `employees_office_shift_id_foreign` FOREIGN KEY (`office_shift_id`) REFERENCES `office_shifts` (`id`) ON DELETE SET NULL,
  ADD CONSTRAINT `employees_role_users_id_foreign` FOREIGN KEY (`role_users_id`) REFERENCES `roles` (`id`) ON DELETE SET NULL,
  ADD CONSTRAINT `employees_status_id_foreign` FOREIGN KEY (`status_id`) REFERENCES `statuses` (`id`) ON DELETE SET NULL;

--
-- Constraints for table `employee_bank_accounts`
--
ALTER TABLE `employee_bank_accounts`
  ADD CONSTRAINT `employee_bank_accounts_employee_id_foreign` FOREIGN KEY (`employee_id`) REFERENCES `employees` (`id`) ON DELETE CASCADE;

--
-- Constraints for table `employee_contacts`
--
ALTER TABLE `employee_contacts`
  ADD CONSTRAINT `employee_contacts_employee_id_foreign` FOREIGN KEY (`employee_id`) REFERENCES `employees` (`id`) ON DELETE CASCADE;

--
-- Constraints for table `employee_documents`
--
ALTER TABLE `employee_documents`
  ADD CONSTRAINT `employee_documents_document_type_id_foreign` FOREIGN KEY (`document_type_id`) REFERENCES `document_types` (`id`) ON DELETE SET NULL,
  ADD CONSTRAINT `employee_documents_employee_id_foreign` FOREIGN KEY (`employee_id`) REFERENCES `employees` (`id`) ON DELETE CASCADE;

--
-- Constraints for table `employee_immigrations`
--
ALTER TABLE `employee_immigrations`
  ADD CONSTRAINT `employee_immigrations_document_type_id_foreign` FOREIGN KEY (`document_type_id`) REFERENCES `document_types` (`id`) ON DELETE SET NULL,
  ADD CONSTRAINT `employee_immigrations_employee_id_foreign` FOREIGN KEY (`employee_id`) REFERENCES `employees` (`id`) ON DELETE CASCADE;

--
-- Constraints for table `employee_interview`
--
ALTER TABLE `employee_interview`
  ADD CONSTRAINT `employee_interview_employee_id_foreign` FOREIGN KEY (`employee_id`) REFERENCES `employees` (`id`) ON DELETE NO ACTION,
  ADD CONSTRAINT `employee_interview_interview_id_foreign` FOREIGN KEY (`interview_id`) REFERENCES `job_interviews` (`id`) ON DELETE CASCADE;

--
-- Constraints for table `employee_meeting`
--
ALTER TABLE `employee_meeting`
  ADD CONSTRAINT `employee_meeting_employee_id_foreign` FOREIGN KEY (`employee_id`) REFERENCES `employees` (`id`) ON DELETE CASCADE,
  ADD CONSTRAINT `employee_meeting_meeting_id_foreign` FOREIGN KEY (`meeting_id`) REFERENCES `meetings` (`id`) ON DELETE CASCADE;

--
-- Constraints for table `employee_project`
--
ALTER TABLE `employee_project`
  ADD CONSTRAINT `employee_project_employee_id_foreign` FOREIGN KEY (`employee_id`) REFERENCES `employees` (`id`) ON DELETE CASCADE,
  ADD CONSTRAINT `employee_project_project_id_foreign` FOREIGN KEY (`project_id`) REFERENCES `projects` (`id`) ON DELETE CASCADE;

--
-- Constraints for table `employee_qualificaitons`
--
ALTER TABLE `employee_qualificaitons`
  ADD CONSTRAINT `employee_qualificaitons_education_level_id_foreign` FOREIGN KEY (`education_level_id`) REFERENCES `qualification_education_levels` (`id`) ON DELETE SET NULL,
  ADD CONSTRAINT `employee_qualificaitons_employee_id_foreign` FOREIGN KEY (`employee_id`) REFERENCES `employees` (`id`) ON DELETE CASCADE,
  ADD CONSTRAINT `employee_qualificaitons_general_skill_id_foreign` FOREIGN KEY (`general_skill_id`) REFERENCES `qualification_skills` (`id`) ON DELETE SET NULL,
  ADD CONSTRAINT `employee_qualificaitons_language_skill_id_foreign` FOREIGN KEY (`language_skill_id`) REFERENCES `qualification_languages` (`id`) ON DELETE SET NULL;

--
-- Constraints for table `employee_support_ticket`
--
ALTER TABLE `employee_support_ticket`
  ADD CONSTRAINT `employee_support_ticket_employee_id_foreign` FOREIGN KEY (`employee_id`) REFERENCES `employees` (`id`) ON DELETE CASCADE,
  ADD CONSTRAINT `employee_support_ticket_support_ticket_id_foreign` FOREIGN KEY (`support_ticket_id`) REFERENCES `support_tickets` (`id`) ON DELETE CASCADE;

--
-- Constraints for table `employee_task`
--
ALTER TABLE `employee_task`
  ADD CONSTRAINT `employee_task_employee_id_foreign` FOREIGN KEY (`employee_id`) REFERENCES `employees` (`id`) ON DELETE CASCADE,
  ADD CONSTRAINT `employee_task_task_id_foreign` FOREIGN KEY (`task_id`) REFERENCES `tasks` (`id`) ON DELETE CASCADE;

--
-- Constraints for table `employee_training_list`
--
ALTER TABLE `employee_training_list`
  ADD CONSTRAINT `employee_training_list_employee_id_foreign` FOREIGN KEY (`employee_id`) REFERENCES `employees` (`id`) ON DELETE CASCADE,
  ADD CONSTRAINT `employee_training_list_training_list_id_foreign` FOREIGN KEY (`training_list_id`) REFERENCES `training_lists` (`id`) ON DELETE CASCADE;

--
-- Constraints for table `employee_work_experience`
--
ALTER TABLE `employee_work_experience`
  ADD CONSTRAINT `employee_work_experience_employee_id_foreign` FOREIGN KEY (`employee_id`) REFERENCES `employees` (`id`) ON DELETE CASCADE;

--
-- Constraints for table `events`
--
ALTER TABLE `events`
  ADD CONSTRAINT `events_company_id_foreign` FOREIGN KEY (`company_id`) REFERENCES `companies` (`id`) ON DELETE CASCADE,
  ADD CONSTRAINT `events_department_id_foreign` FOREIGN KEY (`department_id`) REFERENCES `departments` (`id`) ON DELETE CASCADE;

--
-- Constraints for table `expense_types`
--
ALTER TABLE `expense_types`
  ADD CONSTRAINT `expense_types_company_id_foreign` FOREIGN KEY (`company_id`) REFERENCES `companies` (`id`) ON DELETE SET NULL;

--
-- Constraints for table `file_managers`
--
ALTER TABLE `file_managers`
  ADD CONSTRAINT `file_managers_added_by_foreign` FOREIGN KEY (`added_by`) REFERENCES `users` (`id`) ON DELETE SET NULL,
  ADD CONSTRAINT `file_managers_department_id_foreign` FOREIGN KEY (`department_id`) REFERENCES `departments` (`id`) ON DELETE SET NULL;

--
-- Constraints for table `finance_deposits`
--
ALTER TABLE `finance_deposits`
  ADD CONSTRAINT `finance_deposits_account_id_foreign` FOREIGN KEY (`account_id`) REFERENCES `finance_bank_cashes` (`id`) ON DELETE SET NULL,
  ADD CONSTRAINT `finance_deposits_company_id_foreign` FOREIGN KEY (`company_id`) REFERENCES `companies` (`id`) ON DELETE SET NULL,
  ADD CONSTRAINT `finance_deposits_payer_id_foreign` FOREIGN KEY (`payer_id`) REFERENCES `finance_payers` (`id`) ON DELETE SET NULL,
  ADD CONSTRAINT `finance_deposits_payment_method_id_foreign` FOREIGN KEY (`payment_method_id`) REFERENCES `payment_methods` (`id`) ON DELETE SET NULL;

--
-- Constraints for table `finance_expenses`
--
ALTER TABLE `finance_expenses`
  ADD CONSTRAINT `finance_expenses_account_id_foreign` FOREIGN KEY (`account_id`) REFERENCES `finance_bank_cashes` (`id`) ON DELETE SET NULL,
  ADD CONSTRAINT `finance_expenses_category_id_foreign` FOREIGN KEY (`category_id`) REFERENCES `expense_types` (`id`) ON DELETE SET NULL,
  ADD CONSTRAINT `finance_expenses_company_id_foreign` FOREIGN KEY (`company_id`) REFERENCES `companies` (`id`) ON DELETE SET NULL,
  ADD CONSTRAINT `finance_expenses_payee_id_foreign` FOREIGN KEY (`payee_id`) REFERENCES `finance_payees` (`id`) ON DELETE SET NULL,
  ADD CONSTRAINT `finance_expenses_payment_method_id_foreign` FOREIGN KEY (`payment_method_id`) REFERENCES `payment_methods` (`id`) ON DELETE SET NULL;

--
-- Constraints for table `finance_transactions`
--
ALTER TABLE `finance_transactions`
  ADD CONSTRAINT `finance_transactions_account_id_foreign` FOREIGN KEY (`account_id`) REFERENCES `finance_bank_cashes` (`id`) ON DELETE SET NULL,
  ADD CONSTRAINT `finance_transactions_category_id_foreign` FOREIGN KEY (`category_id`) REFERENCES `expense_types` (`id`) ON DELETE SET NULL,
  ADD CONSTRAINT `finance_transactions_company_id_foreign` FOREIGN KEY (`company_id`) REFERENCES `companies` (`id`) ON DELETE SET NULL,
  ADD CONSTRAINT `finance_transactions_payee_id_foreign` FOREIGN KEY (`payee_id`) REFERENCES `finance_payees` (`id`) ON DELETE SET NULL,
  ADD CONSTRAINT `finance_transactions_payer_id_foreign` FOREIGN KEY (`payer_id`) REFERENCES `finance_payers` (`id`) ON DELETE SET NULL,
  ADD CONSTRAINT `finance_transactions_payment_method_id_foreign` FOREIGN KEY (`payment_method_id`) REFERENCES `payment_methods` (`id`) ON DELETE SET NULL;

--
-- Constraints for table `finance_transfers`
--
ALTER TABLE `finance_transfers`
  ADD CONSTRAINT `finance_transfers_company_id_foreign` FOREIGN KEY (`company_id`) REFERENCES `companies` (`id`) ON DELETE SET NULL,
  ADD CONSTRAINT `finance_transfers_from_account_id_foreign` FOREIGN KEY (`from_account_id`) REFERENCES `finance_bank_cashes` (`id`) ON DELETE SET NULL,
  ADD CONSTRAINT `finance_transfers_payment_method_id_foreign` FOREIGN KEY (`payment_method_id`) REFERENCES `payment_methods` (`id`) ON DELETE SET NULL,
  ADD CONSTRAINT `finance_transfers_to_account_id_foreign` FOREIGN KEY (`to_account_id`) REFERENCES `finance_bank_cashes` (`id`) ON DELETE SET NULL;

--
-- Constraints for table `holidays`
--
ALTER TABLE `holidays`
  ADD CONSTRAINT `holidays_company_id_foreign` FOREIGN KEY (`company_id`) REFERENCES `companies` (`id`) ON DELETE SET NULL,
  ADD CONSTRAINT `holidays_department_id_foreign` FOREIGN KEY (`department_id`) REFERENCES `departments` (`id`) ON DELETE SET NULL;

--
-- Constraints for table `invoices`
--
ALTER TABLE `invoices`
  ADD CONSTRAINT `invoices_client_id_foreign` FOREIGN KEY (`client_id`) REFERENCES `clients` (`id`) ON DELETE SET NULL,
  ADD CONSTRAINT `invoices_project_id_foreign` FOREIGN KEY (`project_id`) REFERENCES `projects` (`id`) ON DELETE SET NULL;

--
-- Constraints for table `invoice_items`
--
ALTER TABLE `invoice_items`
  ADD CONSTRAINT `invoice_items_invoice_id_foreign` FOREIGN KEY (`invoice_id`) REFERENCES `invoices` (`id`) ON DELETE CASCADE,
  ADD CONSTRAINT `invoice_items_project_id_foreign` FOREIGN KEY (`project_id`) REFERENCES `projects` (`id`) ON DELETE SET NULL;

--
-- Constraints for table `job_candidates`
--
ALTER TABLE `job_candidates`
  ADD CONSTRAINT `job_candidates_job_id_foreign` FOREIGN KEY (`job_id`) REFERENCES `job_posts` (`id`) ON DELETE NO ACTION;

--
-- Constraints for table `job_interviews`
--
ALTER TABLE `job_interviews`
  ADD CONSTRAINT `job_interviews_added_by_foreign` FOREIGN KEY (`added_by`) REFERENCES `users` (`id`) ON DELETE SET NULL,
  ADD CONSTRAINT `job_interviews_job_id_foreign` FOREIGN KEY (`job_id`) REFERENCES `job_posts` (`id`) ON DELETE CASCADE;

--
-- Constraints for table `job_posts`
--
ALTER TABLE `job_posts`
  ADD CONSTRAINT `job_posts_company_id_foreign` FOREIGN KEY (`company_id`) REFERENCES `companies` (`id`) ON DELETE CASCADE,
  ADD CONSTRAINT `job_posts_job_category_id_foreign` FOREIGN KEY (`job_category_id`) REFERENCES `job_categories` (`id`) ON DELETE CASCADE;

--
-- Constraints for table `leaves`
--
ALTER TABLE `leaves`
  ADD CONSTRAINT `leaves_company_id_foreign` FOREIGN KEY (`company_id`) REFERENCES `companies` (`id`) ON DELETE CASCADE,
  ADD CONSTRAINT `leaves_department_id_foreign` FOREIGN KEY (`department_id`) REFERENCES `departments` (`id`) ON DELETE CASCADE,
  ADD CONSTRAINT `leaves_employee_id_foreign` FOREIGN KEY (`employee_id`) REFERENCES `employees` (`id`) ON DELETE SET NULL,
  ADD CONSTRAINT `leaves_leave_type_id_foreign` FOREIGN KEY (`leave_type_id`) REFERENCES `leave_types` (`id`) ON DELETE SET NULL;

--
-- Constraints for table `leave_types`
--
ALTER TABLE `leave_types`
  ADD CONSTRAINT `leave_types_company_id_foreign` FOREIGN KEY (`company_id`) REFERENCES `companies` (`id`) ON DELETE CASCADE;

--
-- Constraints for table `locations`
--
ALTER TABLE `locations`
  ADD CONSTRAINT `locations_country_foreign` FOREIGN KEY (`country`) REFERENCES `countries` (`id`) ON DELETE SET NULL,
  ADD CONSTRAINT `locations_location_head_foreign` FOREIGN KEY (`location_head`) REFERENCES `employees` (`id`) ON DELETE SET NULL;

--
-- Constraints for table `meetings`
--
ALTER TABLE `meetings`
  ADD CONSTRAINT `meetings_company_id_foreign` FOREIGN KEY (`company_id`) REFERENCES `companies` (`id`) ON DELETE CASCADE;

--
-- Constraints for table `model_has_permissions`
--
ALTER TABLE `model_has_permissions`
  ADD CONSTRAINT `model_has_permissions_permission_id_foreign` FOREIGN KEY (`permission_id`) REFERENCES `permissions` (`id`) ON DELETE CASCADE;

--
-- Constraints for table `model_has_roles`
--
ALTER TABLE `model_has_roles`
  ADD CONSTRAINT `model_has_roles_role_id_foreign` FOREIGN KEY (`role_id`) REFERENCES `roles` (`id`) ON DELETE CASCADE;

--
-- Constraints for table `office_shifts`
--
ALTER TABLE `office_shifts`
  ADD CONSTRAINT `office_shifts_company_id_foreign` FOREIGN KEY (`company_id`) REFERENCES `companies` (`id`) ON DELETE CASCADE;

--
-- Constraints for table `official_documents`
--
ALTER TABLE `official_documents`
  ADD CONSTRAINT `official_documents_added_by_foreign` FOREIGN KEY (`added_by`) REFERENCES `users` (`id`) ON DELETE SET NULL,
  ADD CONSTRAINT `official_documents_company_id_foreign` FOREIGN KEY (`company_id`) REFERENCES `companies` (`id`) ON DELETE SET NULL,
  ADD CONSTRAINT `official_documents_document_type_id_foreign` FOREIGN KEY (`document_type_id`) REFERENCES `document_types` (`id`) ON DELETE SET NULL;

--
-- Constraints for table `payment_methods`
--
ALTER TABLE `payment_methods`
  ADD CONSTRAINT `payment_methods_company_id_foreign` FOREIGN KEY (`company_id`) REFERENCES `companies` (`id`) ON DELETE SET NULL;

--
-- Constraints for table `payslips`
--
ALTER TABLE `payslips`
  ADD CONSTRAINT `payslips_employee_id_foreign` FOREIGN KEY (`employee_id`) REFERENCES `employees` (`id`) ON DELETE CASCADE;

--
-- Constraints for table `policies`
--
ALTER TABLE `policies`
  ADD CONSTRAINT `policies_company_id_foreign` FOREIGN KEY (`company_id`) REFERENCES `companies` (`id`) ON DELETE SET NULL;

--
-- Constraints for table `projects`
--
ALTER TABLE `projects`
  ADD CONSTRAINT `projects_added_by_foreign` FOREIGN KEY (`added_by`) REFERENCES `users` (`id`) ON DELETE SET NULL,
  ADD CONSTRAINT `projects_client_id_foreign` FOREIGN KEY (`client_id`) REFERENCES `clients` (`id`) ON DELETE SET NULL,
  ADD CONSTRAINT `projects_company_id_foreign` FOREIGN KEY (`company_id`) REFERENCES `companies` (`id`) ON DELETE SET NULL;

--
-- Constraints for table `project_bugs`
--
ALTER TABLE `project_bugs`
  ADD CONSTRAINT `project_bugs_project_id_foreign` FOREIGN KEY (`project_id`) REFERENCES `projects` (`id`) ON DELETE CASCADE,
  ADD CONSTRAINT `project_bugs_user_id_foreign` FOREIGN KEY (`user_id`) REFERENCES `users` (`id`) ON DELETE SET NULL;

--
-- Constraints for table `project_discussions`
--
ALTER TABLE `project_discussions`
  ADD CONSTRAINT `project_discussions_project_id_foreign` FOREIGN KEY (`project_id`) REFERENCES `projects` (`id`) ON DELETE CASCADE,
  ADD CONSTRAINT `project_discussions_user_id_foreign` FOREIGN KEY (`user_id`) REFERENCES `users` (`id`) ON DELETE SET NULL;

--
-- Constraints for table `project_files`
--
ALTER TABLE `project_files`
  ADD CONSTRAINT `project_files_project_id_foreign` FOREIGN KEY (`project_id`) REFERENCES `projects` (`id`) ON DELETE CASCADE,
  ADD CONSTRAINT `project_files_user_id_foreign` FOREIGN KEY (`user_id`) REFERENCES `users` (`id`) ON DELETE SET NULL;

--
-- Constraints for table `promotions`
--
ALTER TABLE `promotions`
  ADD CONSTRAINT `promotions_company_id_foreign` FOREIGN KEY (`company_id`) REFERENCES `companies` (`id`) ON DELETE CASCADE,
  ADD CONSTRAINT `promotions_employee_id_foreign` FOREIGN KEY (`employee_id`) REFERENCES `employees` (`id`) ON DELETE CASCADE;

--
-- Constraints for table `qualification_education_levels`
--
ALTER TABLE `qualification_education_levels`
  ADD CONSTRAINT `qualification_education_levels_company_id_foreign` FOREIGN KEY (`company_id`) REFERENCES `companies` (`id`) ON DELETE CASCADE;

--
-- Constraints for table `qualification_languages`
--
ALTER TABLE `qualification_languages`
  ADD CONSTRAINT `qualification_languages_company_id_foreign` FOREIGN KEY (`company_id`) REFERENCES `companies` (`id`) ON DELETE CASCADE;

--
-- Constraints for table `qualification_skills`
--
ALTER TABLE `qualification_skills`
  ADD CONSTRAINT `qualification_skills_company_id_foreign` FOREIGN KEY (`company_id`) REFERENCES `companies` (`id`) ON DELETE CASCADE;

--
-- Constraints for table `resignations`
--
ALTER TABLE `resignations`
  ADD CONSTRAINT `resignations_company_id_foreign` FOREIGN KEY (`company_id`) REFERENCES `companies` (`id`) ON DELETE CASCADE,
  ADD CONSTRAINT `resignations_department_id_foreign` FOREIGN KEY (`department_id`) REFERENCES `departments` (`id`) ON DELETE CASCADE,
  ADD CONSTRAINT `resignations_employee_id_foreign` FOREIGN KEY (`employee_id`) REFERENCES `employees` (`id`) ON DELETE CASCADE;

--
-- Constraints for table `role_has_permissions`
--
ALTER TABLE `role_has_permissions`
  ADD CONSTRAINT `role_has_permissions_permission_id_foreign` FOREIGN KEY (`permission_id`) REFERENCES `permissions` (`id`) ON DELETE CASCADE,
  ADD CONSTRAINT `role_has_permissions_role_id_foreign` FOREIGN KEY (`role_id`) REFERENCES `roles` (`id`) ON DELETE CASCADE;

--
-- Constraints for table `salary_allowances`
--
ALTER TABLE `salary_allowances`
  ADD CONSTRAINT `salary_allowances_employee_id_foreign` FOREIGN KEY (`employee_id`) REFERENCES `employees` (`id`) ON DELETE CASCADE;

--
-- Constraints for table `salary_basics`
--
ALTER TABLE `salary_basics`
  ADD CONSTRAINT `salary_basics_employee_id_foreign` FOREIGN KEY (`employee_id`) REFERENCES `employees` (`id`) ON DELETE CASCADE;

--
-- Constraints for table `salary_commissions`
--
ALTER TABLE `salary_commissions`
  ADD CONSTRAINT `salary_commissions_employee_id_foreign` FOREIGN KEY (`employee_id`) REFERENCES `employees` (`id`) ON DELETE CASCADE;

--
-- Constraints for table `salary_deductions`
--
ALTER TABLE `salary_deductions`
  ADD CONSTRAINT `salary_deductions_employee_id_foreign` FOREIGN KEY (`employee_id`) REFERENCES `employees` (`id`) ON DELETE CASCADE;

--
-- Constraints for table `salary_loans`
--
ALTER TABLE `salary_loans`
  ADD CONSTRAINT `salary_loans_employee_id_foreign` FOREIGN KEY (`employee_id`) REFERENCES `employees` (`id`) ON DELETE CASCADE;

--
-- Constraints for table `salary_other_payments`
--
ALTER TABLE `salary_other_payments`
  ADD CONSTRAINT `salary_other_payments_employee_id_foreign` FOREIGN KEY (`employee_id`) REFERENCES `employees` (`id`) ON DELETE CASCADE;

--
-- Constraints for table `salary_overtimes`
--
ALTER TABLE `salary_overtimes`
  ADD CONSTRAINT `salary_overtimes_employee_id_foreign` FOREIGN KEY (`employee_id`) REFERENCES `employees` (`id`) ON DELETE CASCADE;

--
-- Constraints for table `support_tickets`
--
ALTER TABLE `support_tickets`
  ADD CONSTRAINT `support_tickets_company_id_foreign` FOREIGN KEY (`company_id`) REFERENCES `companies` (`id`) ON DELETE SET NULL,
  ADD CONSTRAINT `support_tickets_department_id_foreign` FOREIGN KEY (`department_id`) REFERENCES `departments` (`id`) ON DELETE SET NULL,
  ADD CONSTRAINT `support_tickets_employee_id_foreign` FOREIGN KEY (`employee_id`) REFERENCES `employees` (`id`) ON DELETE SET NULL;

--
-- Constraints for table `tasks`
--
ALTER TABLE `tasks`
  ADD CONSTRAINT `tasks_added_by_foreign` FOREIGN KEY (`added_by`) REFERENCES `users` (`id`) ON DELETE SET NULL,
  ADD CONSTRAINT `tasks_company_id_foreign` FOREIGN KEY (`company_id`) REFERENCES `companies` (`id`) ON DELETE SET NULL,
  ADD CONSTRAINT `tasks_project_id_foreign` FOREIGN KEY (`project_id`) REFERENCES `projects` (`id`) ON DELETE CASCADE;

--
-- Constraints for table `task_discussions`
--
ALTER TABLE `task_discussions`
  ADD CONSTRAINT `task_discussions_task_id_foreign` FOREIGN KEY (`task_id`) REFERENCES `tasks` (`id`) ON DELETE CASCADE,
  ADD CONSTRAINT `task_discussions_user_id_foreign` FOREIGN KEY (`user_id`) REFERENCES `users` (`id`) ON DELETE SET NULL;

--
-- Constraints for table `task_files`
--
ALTER TABLE `task_files`
  ADD CONSTRAINT `task_files_task_id_foreign` FOREIGN KEY (`task_id`) REFERENCES `tasks` (`id`) ON DELETE CASCADE,
  ADD CONSTRAINT `task_files_user_id_foreign` FOREIGN KEY (`user_id`) REFERENCES `users` (`id`) ON DELETE SET NULL;

--
-- Constraints for table `terminations`
--
ALTER TABLE `terminations`
  ADD CONSTRAINT `terminations_company_id_foreign` FOREIGN KEY (`company_id`) REFERENCES `companies` (`id`) ON DELETE CASCADE,
  ADD CONSTRAINT `terminations_terminated_employee_foreign` FOREIGN KEY (`terminated_employee`) REFERENCES `employees` (`id`) ON DELETE CASCADE,
  ADD CONSTRAINT `terminations_termination_type_foreign` FOREIGN KEY (`termination_type`) REFERENCES `termination_types` (`id`) ON DELETE SET NULL;

--
-- Constraints for table `ticket_comments`
--
ALTER TABLE `ticket_comments`
  ADD CONSTRAINT `ticket_comments_ticket_id_foreign` FOREIGN KEY (`ticket_id`) REFERENCES `support_tickets` (`id`) ON DELETE CASCADE,
  ADD CONSTRAINT `ticket_comments_user_id_foreign` FOREIGN KEY (`user_id`) REFERENCES `users` (`id`) ON DELETE SET NULL;

--
-- Constraints for table `trainers`
--
ALTER TABLE `trainers`
  ADD CONSTRAINT `trainers_company_id_foreign` FOREIGN KEY (`company_id`) REFERENCES `companies` (`id`) ON DELETE SET NULL;

--
-- Constraints for table `training_lists`
--
ALTER TABLE `training_lists`
  ADD CONSTRAINT `training_lists_company_id_foreign` FOREIGN KEY (`company_id`) REFERENCES `companies` (`id`) ON DELETE SET NULL,
  ADD CONSTRAINT `training_lists_trainer_id_foreign` FOREIGN KEY (`trainer_id`) REFERENCES `trainers` (`id`) ON DELETE SET NULL,
  ADD CONSTRAINT `training_lists_training_type_id_foreign` FOREIGN KEY (`training_type_id`) REFERENCES `training_types` (`id`) ON DELETE SET NULL;

--
-- Constraints for table `transfers`
--
ALTER TABLE `transfers`
  ADD CONSTRAINT `transfers_company_id_foreign` FOREIGN KEY (`company_id`) REFERENCES `companies` (`id`) ON DELETE CASCADE,
  ADD CONSTRAINT `transfers_employee_id_foreign` FOREIGN KEY (`employee_id`) REFERENCES `employees` (`id`) ON DELETE CASCADE,
  ADD CONSTRAINT `transfers_from_department_id_foreign` FOREIGN KEY (`from_department_id`) REFERENCES `departments` (`id`) ON DELETE CASCADE,
  ADD CONSTRAINT `transfers_to_department_id_foreign` FOREIGN KEY (`to_department_id`) REFERENCES `departments` (`id`) ON DELETE CASCADE;

--
-- Constraints for table `travels`
--
ALTER TABLE `travels`
  ADD CONSTRAINT `travels_company_id_foreign` FOREIGN KEY (`company_id`) REFERENCES `companies` (`id`) ON DELETE CASCADE,
  ADD CONSTRAINT `travels_employee_id_foreign` FOREIGN KEY (`employee_id`) REFERENCES `employees` (`id`) ON DELETE CASCADE,
  ADD CONSTRAINT `travels_travel_type_foreign` FOREIGN KEY (`travel_type`) REFERENCES `travel_types` (`id`) ON DELETE SET NULL;

--
-- Constraints for table `travel_types`
--
ALTER TABLE `travel_types`
  ADD CONSTRAINT `travel_types_company_id_foreign` FOREIGN KEY (`company_id`) REFERENCES `companies` (`id`) ON DELETE SET NULL;

--
-- Constraints for table `users`
--
ALTER TABLE `users`
  ADD CONSTRAINT `users_role_users_id_foreign` FOREIGN KEY (`role_users_id`) REFERENCES `roles` (`id`);

--
-- Constraints for table `warnings`
--
ALTER TABLE `warnings`
  ADD CONSTRAINT `warnings_company_id_foreign` FOREIGN KEY (`company_id`) REFERENCES `companies` (`id`) ON DELETE CASCADE,
  ADD CONSTRAINT `warnings_warning_to_foreign` FOREIGN KEY (`warning_to`) REFERENCES `employees` (`id`) ON DELETE CASCADE,
  ADD CONSTRAINT `warnings_warning_type_foreign` FOREIGN KEY (`warning_type`) REFERENCES `warnings_type` (`id`) ON DELETE SET NULL;
COMMIT;

/*!40101 SET CHARACTER_SET_CLIENT=@OLD_CHARACTER_SET_CLIENT */;
/*!40101 SET CHARACTER_SET_RESULTS=@OLD_CHARACTER_SET_RESULTS */;
/*!40101 SET COLLATION_CONNECTION=@OLD_COLLATION_CONNECTION */;
